Province,Age Group,Sex,Reference period,"Mortality rate per 1,000 population"
Newfoundland and Labrador,0 years,Males,2014,8.8
,,,2015,5.3
,,,2016,6
,,,2017,4.4
,,,2018,6.9
,,,2019,5.6
,,,2020,4.8
,,,2021,5.8
,,,2022,3.6
,,,2023,5.9
,,Females,2014,3.2
,,,2015,4.1
,,,2016,2.3
,,,2017,3.8
,,,2018,2.6
,,,2019,4.8
,,,2020,5
,,,2021,3.9
,,,2022,5.9
,,,2023,6.9
,1 to 4 years,Males,2014,0.1
,,,2015,0
,,,2016,0.1
,,,2017,0
,,,2018,0.2
,,,2019,0.1
,,,2020,0.3
,,,2021,0
,,,2022,0.1
,,,2023,0.1
,,Females,2014,0.2
,,,2015,0.1
,,,2016,0.1
,,,2017,0.2
,,,2018,0.3
,,,2019,0
,,,2020,0
,,,2021,0.3
,,,2022,0.1
,,,2023,0.1
,5 to 9 years,Males,2014,0
,,,2015,0
,,,2016,0.2
,,,2017,0.1
,,,2018,0.2
,,,2019,0.3
,,,2020,0.1
,,,2021,0.1
,,,2022,0.1
,,,2023,0.1
,,Females,2014,0
,,,2015,0.1
,,,2016,0.3
,,,2017,0.1
,,,2018,0.2
,,,2019,0.1
,,,2020,0.1
,,,2021,0
,,,2022,0.1
,,,2023,0.1
,10 to 14 years,Males,2014,0.1
,,,2015,0.1
,,,2016,0.1
,,,2017,0.4
,,,2018,0.1
,,,2019,0.2
,,,2020,0.1
,,,2021,0.1
,,,2022,0
,,,2023,0.3
,,Females,2014,0.1
,,,2015,0
,,,2016,0.1
,,,2017,0.2
,,,2018,0.1
,,,2019,0.2
,,,2020,0.2
,,,2021,0
,,,2022,0.2
,,,2023,0
,15 to 19 years,Males,2014,0.6
,,,2015,0.8
,,,2016,0.5
,,,2017,0.3
,,,2018,0.3
,,,2019,0.4
,,,2020,0.6
,,,2021,0.5
,,,2022,0.3
,,,2023,0.1
,,Females,2014,0.2
,,,2015,0.5
,,,2016,0.4
,,,2017,0.7
,,,2018,0.2
,,,2019,0.3
,,,2020,0.2
,,,2021,0.2
,,,2022,0.1
,,,2023,0.3
,20 to 24 years,Males,2014,0.7
,,,2015,1.1
,,,2016,0.9
,,,2017,0.5
,,,2018,0.9
,,,2019,0.4
,,,2020,0.8
,,,2021,0.9
,,,2022,0.9
,,,2023,0.6
,,Females,2014,0.3
,,,2015,0.3
,,,2016,0.4
,,,2017,0.4
,,,2018,0.1
,,,2019,0.3
,,,2020,0.4
,,,2021,0.6
,,,2022,0.2
,,,2023,0.4
,25 to 29 years,Males,2014,1.2
,,,2015,1.2
,,,2016,1.4
,,,2017,0.9
,,,2018,1.1
,,,2019,0.7
,,,2020,1.2
,,,2021,1.1
,,,2022,1.1
,,,2023,1.3
,,Females,2014,0.4
,,,2015,0.4
,,,2016,0.5
,,,2017,0.4
,,,2018,0.6
,,,2019,0.6
,,,2020,0.8
,,,2021,0.7
,,,2022,0.7
,,,2023,1.1
,30 to 34 years,Males,2014,1.6
,,,2015,1
,,,2016,1.5
,,,2017,1.4
,,,2018,0.8
,,,2019,1.7
,,,2020,1.1
,,,2021,1.3
,,,2022,1.2
,,,2023,1.3
,,Females,2014,0.5
,,,2015,0.8
,,,2016,1
,,,2017,0.9
,,,2018,0.6
,,,2019,0.3
,,,2020,0.4
,,,2021,0.4
,,,2022,0.7
,,,2023,0.7
,35 to 39 years,Males,2014,1.8
,,,2015,1.7
,,,2016,1.9
,,,2017,1.5
,,,2018,1.6
,,,2019,1.7
,,,2020,1
,,,2021,1.7
,,,2022,1.5
,,,2023,2.3
,,Females,2014,0.5
,,,2015,1
,,,2016,1.1
,,,2017,0.6
,,,2018,0.7
,,,2019,0.9
,,,2020,1
,,,2021,1.4
,,,2022,0.9
,,,2023,0.9
,40 to 44 years,Males,2014,1.3
,,,2015,1.9
,,,2016,1.6
,,,2017,2
,,,2018,1.8
,,,2019,1.9
,,,2020,2.8
,,,2021,2.3
,,,2022,2.6
,,,2023,3.2
,,Females,2014,1.3
,,,2015,1.5
,,,2016,0.9
,,,2017,1.5
,,,2018,1.1
,,,2019,1.3
,,,2020,1
,,,2021,1
,,,2022,1.2
,,,2023,1.1
,45 to 49 years,Males,2014,2.9
,,,2015,2.2
,,,2016,2.7
,,,2017,3.2
,,,2018,2.3
,,,2019,2.4
,,,2020,3.6
,,,2021,3.2
,,,2022,4
,,,2023,3.1
,,Females,2014,1.5
,,,2015,1.4
,,,2016,2.1
,,,2017,2.1
,,,2018,2.1
,,,2019,1.5
,,,2020,2
,,,2021,1.8
,,,2022,2.3
,,,2023,1.7
,50 to 54 years,Males,2014,4.6
,,,2015,4.9
,,,2016,4
,,,2017,3.9
,,,2018,4.5
,,,2019,4.6
,,,2020,5.6
,,,2021,4.8
,,,2022,4
,,,2023,5.8
,,Females,2014,3.1
,,,2015,2.6
,,,2016,3.3
,,,2017,2.4
,,,2018,2.7
,,,2019,2.5
,,,2020,3.1
,,,2021,2.7
,,,2022,3.3
,,,2023,3
,55 to 59 years,Males,2014,7.2
,,,2015,7.4
,,,2016,7
,,,2017,6.4
,,,2018,6.8
,,,2019,6.5
,,,2020,6.6
,,,2021,8.4
,,,2022,8.2
,,,2023,8
,,Females,2014,5
,,,2015,4.7
,,,2016,4.1
,,,2017,4.8
,,,2018,4.1
,,,2019,5
,,,2020,4.4
,,,2021,4.7
,,,2022,4.6
,,,2023,4.3
,60 to 64 years,Males,2014,10.2
,,,2015,10.7
,,,2016,11.9
,,,2017,11.1
,,,2018,10.6
,,,2019,10
,,,2020,11.4
,,,2021,12.6
,,,2022,12.1
,,,2023,11.5
,,Females,2014,6.7
,,,2015,7
,,,2016,6.3
,,,2017,7.4
,,,2018,6.8
,,,2019,7.5
,,,2020,7.3
,,,2021,7.4
,,,2022,7.9
,,,2023,8.6
,65 to 69 years,Males,2014,16.4
,,,2015,17
,,,2016,15.9
,,,2017,15.4
,,,2018,16.2
,,,2019,17.1
,,,2020,15.5
,,,2021,16.9
,,,2022,18.6
,,,2023,16.4
,,Females,2014,10.4
,,,2015,11
,,,2016,9.8
,,,2017,9.5
,,,2018,10.1
,,,2019,10.9
,,,2020,10.8
,,,2021,12.5
,,,2022,12.1
,,,2023,13.6
,70 to 74 years,Males,2014,30.7
,,,2015,26.6
,,,2016,27.2
,,,2017,27.4
,,,2018,25.9
,,,2019,26.4
,,,2020,26.1
,,,2021,26.6
,,,2022,29.9
,,,2023,26.5
,,Females,2014,20.2
,,,2015,18.9
,,,2016,20.3
,,,2017,18
,,,2018,17.3
,,,2019,18.4
,,,2020,17
,,,2021,18.9
,,,2022,19.7
,,,2023,17.9
,75 to 79 years,Males,2014,49.3
,,,2015,48.2
,,,2016,45.8
,,,2017,45.3
,,,2018,42.1
,,,2019,40.5
,,,2020,41.5
,,,2021,42.4
,,,2022,46.2
,,,2023,43.4
,,Females,2014,36.2
,,,2015,37.3
,,,2016,33.7
,,,2017,32.6
,,,2018,32.9
,,,2019,28.3
,,,2020,31.7
,,,2021,32.5
,,,2022,32.7
,,,2023,28.7
,80 to 84 years,Males,2014,82.1
,,,2015,91.5
,,,2016,78
,,,2017,75.6
,,,2018,82.4
,,,2019,84.7
,,,2020,74.6
,,,2021,74.8
,,,2022,81.6
,,,2023,76.4
,,Females,2014,58.8
,,,2015,71.4
,,,2016,55.4
,,,2017,56.5
,,,2018,62.9
,,,2019,54.5
,,,2020,52.5
,,,2021,60.2
,,,2022,62.4
,,,2023,49
,85 to 89 years,Males,2014,160.9
,,,2015,156.7
,,,2016,141.4
,,,2017,148.8
,,,2018,131.1
,,,2019,136.8
,,,2020,127.8
,,,2021,129.3
,,,2022,145.7
,,,2023,131.7
,,Females,2014,113
,,,2015,122.4
,,,2016,99
,,,2017,108.8
,,,2018,116.8
,,,2019,109.8
,,,2020,106.1
,,,2021,108.1
,,,2022,109.1
,,,2023,91.9
,90 years and over,Males,2014,241.8
,,,2015,254.4
,,,2016,246.5
,,,2017,288
,,,2018,241.7
,,,2019,235.3
,,,2020,242.6
,,,2021,244.9
,,,2022,279.7
,,,2023,268.8
,,Females,2014,210.1
,,,2015,221.7
,,,2016,213
,,,2017,214.6
,,,2018,220.5
,,,2019,189.8
,,,2020,212
,,,2021,222.4
,,,2022,223.6
,,,2023,229.3
Prince Edward Island,0 years,Males,2014,2.8
,,,2015,1.3
,,,2016,5.5
,,,2017,1.4
,,,2018,1.5
,,,2019,3
,,,2020,1.5
,,,2021,1.4
,,,2022,4
,,,2023,3
,,Females,2014,0
,,,2015,3.2
,,,2016,9
,,,2017,4.5
,,,2018,9.7
,,,2019,4.5
,,,2020,7.3
,,,2021,5.7
,,,2022,1.5
,,,2023,8.1
,1 to 4 years,Males,2014,0
,,,2015,0.3
,,,2016,0
,,,2017,0
,,,2018,0
,,,2019,0
,,,2020,0.6
,,,2021,0
,,,2022,0
,,,2023,0
,,Females,2014,0.4
,,,2015,0
,,,2016,0
,,,2017,0
,,,2018,0
,,,2019,0
,,,2020,0
,,,2021,0.4
,,,2022,0
,,,2023,0.3
,5 to 9 years,Males,2014,0
,,,2015,0
,,,2016,0
,,,2017,0.2
,,,2018,0
,,,2019,0.2
,,,2020,0
,,,2021,0
,,,2022,0
,,,2023,0
,,Females,2014,0
,,,2015,0
,,,2016,0
,,,2017,0
,,,2018,0
,,,2019,0.5
,,,2020,0.2
,,,2021,0.2
,,,2022,0.2
,,,2023,0.2
,10 to 14 years,Males,2014,0
,,,2015,0
,,,2016,0.3
,,,2017,0.2
,,,2018,0
,,,2019,0
,,,2020,0
,,,2021,0.2
,,,2022,0
,,,2023,0.2
,,Females,2014,0.3
,,,2015,0
,,,2016,0
,,,2017,0
,,,2018,0
,,,2019,0
,,,2020,0
,,,2021,0
,,,2022,0
,,,2023,0
,15 to 19 years,Males,2014,1.7
,,,2015,0.2
,,,2016,0
,,,2017,0
,,,2018,0.7
,,,2019,0
,,,2020,0.2
,,,2021,0.2
,,,2022,0.4
,,,2023,0.8
,,Females,2014,0
,,,2015,0
,,,2016,0.2
,,,2017,0.2
,,,2018,0.5
,,,2019,0.2
,,,2020,0.2
,,,2021,0
,,,2022,0.2
,,,2023,0.2
,20 to 24 years,Males,2014,0.2
,,,2015,0.4
,,,2016,0.4
,,,2017,0.6
,,,2018,0.6
,,,2019,0.8
,,,2020,0.4
,,,2021,0.4
,,,2022,0.6
,,,2023,0.8
,,Females,2014,0.2
,,,2015,0.2
,,,2016,0
,,,2017,0.7
,,,2018,0.4
,,,2019,0.2
,,,2020,0.5
,,,2021,0
,,,2022,0.2
,,,2023,0.3
,25 to 29 years,Males,2014,0
,,,2015,0.5
,,,2016,1
,,,2017,0.5
,,,2018,0.4
,,,2019,0.8
,,,2020,0.7
,,,2021,0.5
,,,2022,1.2
,,,2023,0.6
,,Females,2014,0
,,,2015,0
,,,2016,0
,,,2017,0
,,,2018,0.5
,,,2019,0.2
,,,2020,0.4
,,,2021,0.2
,,,2022,0.4
,,,2023,0.2
,30 to 34 years,Males,2014,1
,,,2015,0.8
,,,2016,1.5
,,,2017,0.9
,,,2018,0
,,,2019,1.4
,,,2020,0.7
,,,2021,1.1
,,,2022,0.8
,,,2023,0.7
,,Females,2014,1
,,,2015,0.7
,,,2016,0.5
,,,2017,0.2
,,,2018,0.2
,,,2019,0
,,,2020,0.2
,,,2021,0.4
,,,2022,0.8
,,,2023,0.4
,35 to 39 years,Males,2014,1
,,,2015,0.5
,,,2016,0.5
,,,2017,0.5
,,,2018,0.5
,,,2019,1.1
,,,2020,0.9
,,,2021,1.1
,,,2022,1.2
,,,2023,0.4
,,Females,2014,1.1
,,,2015,0.2
,,,2016,0.2
,,,2017,0.4
,,,2018,0.8
,,,2019,0.6
,,,2020,0.4
,,,2021,0.8
,,,2022,0.4
,,,2023,0.9
,40 to 44 years,Males,2014,1.1
,,,2015,0.4
,,,2016,0.9
,,,2017,1.6
,,,2018,0.9
,,,2019,1.5
,,,2020,1.9
,,,2021,1.7
,,,2022,1.7
,,,2023,1.4
,,Females,2014,1.5
,,,2015,1.7
,,,2016,1.3
,,,2017,1.3
,,,2018,0.6
,,,2019,0.4
,,,2020,0.6
,,,2021,0.8
,,,2022,1.2
,,,2023,0.5
,45 to 49 years,Males,2014,1.2
,,,2015,1
,,,2016,2.7
,,,2017,2.9
,,,2018,1.6
,,,2019,2.4
,,,2020,2.2
,,,2021,1.4
,,,2022,2.9
,,,2023,1.6
,,Females,2014,1.4
,,,2015,0.6
,,,2016,1.4
,,,2017,1.4
,,,2018,0.6
,,,2019,1.3
,,,2020,1.1
,,,2021,2.3
,,,2022,1.8
,,,2023,1.3
,50 to 54 years,Males,2014,4
,,,2015,4.5
,,,2016,4.7
,,,2017,4
,,,2018,3.6
,,,2019,4.2
,,,2020,2.9
,,,2021,5
,,,2022,4.1
,,,2023,3.4
,,Females,2014,2.5
,,,2015,2.5
,,,2016,2.6
,,,2017,2.8
,,,2018,1.3
,,,2019,1.7
,,,2020,2.3
,,,2021,2.2
,,,2022,2.8
,,,2023,2
,55 to 59 years,Males,2014,5.1
,,,2015,5.1
,,,2016,4.9
,,,2017,6.9
,,,2018,4.5
,,,2019,7.3
,,,2020,5.5
,,,2021,6.5
,,,2022,5.4
,,,2023,8.2
,,Females,2014,4
,,,2015,3.6
,,,2016,3.5
,,,2017,3.2
,,,2018,3.6
,,,2019,3.7
,,,2020,2.9
,,,2021,3.3
,,,2022,2.2
,,,2023,3.8
,60 to 64 years,Males,2014,10.5
,,,2015,10.4
,,,2016,7.6
,,,2017,9.3
,,,2018,9.1
,,,2019,9.6
,,,2020,8.8
,,,2021,9.2
,,,2022,9.6
,,,2023,11.8
,,Females,2014,5.9
,,,2015,4.9
,,,2016,4.5
,,,2017,7.9
,,,2018,5.5
,,,2019,6
,,,2020,7
,,,2021,4
,,,2022,5.5
,,,2023,6.6
,65 to 69 years,Males,2014,12.7
,,,2015,16.2
,,,2016,13.9
,,,2017,16.2
,,,2018,14.6
,,,2019,14.3
,,,2020,15
,,,2021,14.6
,,,2022,15.1
,,,2023,13.4
,,Females,2014,9.9
,,,2015,9.5
,,,2016,9.2
,,,2017,8.3
,,,2018,9.8
,,,2019,6.6
,,,2020,8
,,,2021,7.9
,,,2022,7.1
,,,2023,9.2
,70 to 74 years,Males,2014,26.5
,,,2015,22.9
,,,2016,23
,,,2017,19
,,,2018,26.6
,,,2019,20.7
,,,2020,24.7
,,,2021,27.2
,,,2022,27.1
,,,2023,21.8
,,Females,2014,15
,,,2015,15.7
,,,2016,15.4
,,,2017,18.1
,,,2018,14.5
,,,2019,12.4
,,,2020,13.2
,,,2021,13.8
,,,2022,17.3
,,,2023,18.4
,75 to 79 years,Males,2014,42.1
,,,2015,40
,,,2016,36.3
,,,2017,41.2
,,,2018,45.9
,,,2019,37.6
,,,2020,39.4
,,,2021,42
,,,2022,37.5
,,,2023,39.2
,,Females,2014,29
,,,2015,25.1
,,,2016,21.1
,,,2017,27.7
,,,2018,27
,,,2019,27
,,,2020,24.1
,,,2021,23.5
,,,2022,23.4
,,,2023,29.4
,80 to 84 years,Males,2014,75.6
,,,2015,73.6
,,,2016,65.6
,,,2017,79.9
,,,2018,82.4
,,,2019,75.8
,,,2020,60.8
,,,2021,67.5
,,,2022,83.7
,,,2023,74.8
,,Females,2014,52.4
,,,2015,49.3
,,,2016,31
,,,2017,42.1
,,,2018,48.3
,,,2019,36.2
,,,2020,49.7
,,,2021,45
,,,2022,47.3
,,,2023,46.7
,85 to 89 years,Males,2014,130.5
,,,2015,144.1
,,,2016,124.5
,,,2017,138.9
,,,2018,132.2
,,,2019,130.5
,,,2020,115.6
,,,2021,129.8
,,,2022,143.8
,,,2023,114.2
,,Females,2014,91.6
,,,2015,100.9
,,,2016,83.4
,,,2017,79
,,,2018,82.1
,,,2019,93.6
,,,2020,87.8
,,,2021,75
,,,2022,96.1
,,,2023,87.6
,90 years and over,Males,2014,268.7
,,,2015,196.7
,,,2016,196.5
,,,2017,247.2
,,,2018,227.3
,,,2019,244.8
,,,2020,198.5
,,,2021,206.4
,,,2022,264.9
,,,2023,230.4
,,Females,2014,219.7
,,,2015,234.9
,,,2016,178.1
,,,2017,185.6
,,,2018,225.9
,,,2019,237.1
,,,2020,199.5
,,,2021,236.7
,,,2022,223.4
,,,2023,171.1
Nova Scotia,0 years,Males,2014,5.7
,,,2015,3.2
,,,2016,6.3
,,,2017,3.3
,,,2018,3.8
,,,2019,4.9
,,,2020,2.7
,,,2021,4.6
,,,2022,4.7
,,,2023,4.2
,,Females,2014,3.4
,,,2015,4.9
,,,2016,3.2
,,,2017,4.8
,,,2018,3.3
,,,2019,5.4
,,,2020,4.3
,,,2021,3.5
,,,2022,3.7
,,,2023,3
,1 to 4 years,Males,2014,0.3
,,,2015,0.2
,,,2016,0.3
,,,2017,0.2
,,,2018,0.1
,,,2019,0.2
,,,2020,0.3
,,,2021,0.1
,,,2022,0.1
,,,2023,0.1
,,Females,2014,0.1
,,,2015,0
,,,2016,0.1
,,,2017,0.1
,,,2018,0.2
,,,2019,0.3
,,,2020,0.2
,,,2021,0.1
,,,2022,0.2
,,,2023,0.4
,5 to 9 years,Males,2014,0.1
,,,2015,0.1
,,,2016,0
,,,2017,0.1
,,,2018,0.1
,,,2019,0
,,,2020,0.2
,,,2021,0.3
,,,2022,0.1
,,,2023,0.1
,,Females,2014,0.2
,,,2015,0.1
,,,2016,0.1
,,,2017,0
,,,2018,0.1
,,,2019,0.1
,,,2020,0
,,,2021,0.1
,,,2022,0.2
,,,2023,0.1
,10 to 14 years,Males,2014,0.1
,,,2015,0.2
,,,2016,0.1
,,,2017,0
,,,2018,0
,,,2019,0.1
,,,2020,0.1
,,,2021,0.1
,,,2022,0.2
,,,2023,0.1
,,Females,2014,0
,,,2015,0.2
,,,2016,0.1
,,,2017,0.1
,,,2018,0.1
,,,2019,0.2
,,,2020,0.2
,,,2021,0.2
,,,2022,0
,,,2023,0.1
,15 to 19 years,Males,2014,0.6
,,,2015,0.6
,,,2016,0.5
,,,2017,0.4
,,,2018,0.3
,,,2019,0.7
,,,2020,0.4
,,,2021,0.4
,,,2022,0.5
,,,2023,0.4
,,Females,2014,0.1
,,,2015,0.2
,,,2016,0.4
,,,2017,0.3
,,,2018,0.4
,,,2019,0.2
,,,2020,0.4
,,,2021,0.3
,,,2022,0.1
,,,2023,0.1
,20 to 24 years,Males,2014,0.7
,,,2015,0.8
,,,2016,0.9
,,,2017,0.8
,,,2018,1.2
,,,2019,0.8
,,,2020,0.7
,,,2021,1
,,,2022,0.7
,,,2023,0.6
,,Females,2014,0.4
,,,2015,0.3
,,,2016,0.3
,,,2017,0.2
,,,2018,0.3
,,,2019,0.1
,,,2020,0.2
,,,2021,0.4
,,,2022,0.3
,,,2023,0.6
,25 to 29 years,Males,2014,1
,,,2015,0.7
,,,2016,1.2
,,,2017,0.8
,,,2018,0.7
,,,2019,1.2
,,,2020,0.9
,,,2021,1.1
,,,2022,0.8
,,,2023,0.7
,,Females,2014,0.4
,,,2015,0.4
,,,2016,0.4
,,,2017,0.4
,,,2018,0.6
,,,2019,0.3
,,,2020,0.3
,,,2021,0.5
,,,2022,0.4
,,,2023,0.1
,30 to 34 years,Males,2014,0.8
,,,2015,0.7
,,,2016,1
,,,2017,1.2
,,,2018,0.9
,,,2019,0.8
,,,2020,0.7
,,,2021,0.9
,,,2022,1.4
,,,2023,1.1
,,Females,2014,0.4
,,,2015,0.3
,,,2016,0.6
,,,2017,0.5
,,,2018,0.6
,,,2019,0.4
,,,2020,0.5
,,,2021,0.5
,,,2022,0.8
,,,2023,0.6
,35 to 39 years,Males,2014,1.2
,,,2015,1
,,,2016,1.6
,,,2017,2
,,,2018,1.1
,,,2019,1.3
,,,2020,1.1
,,,2021,1
,,,2022,1.5
,,,2023,1.6
,,Females,2014,0.8
,,,2015,0.7
,,,2016,0.8
,,,2017,1.1
,,,2018,0.9
,,,2019,0.9
,,,2020,0.9
,,,2021,1
,,,2022,1.1
,,,2023,0.9
,40 to 44 years,Males,2014,1.9
,,,2015,1.5
,,,2016,1.6
,,,2017,2.1
,,,2018,1.8
,,,2019,1.3
,,,2020,2.1
,,,2021,2
,,,2022,2.1
,,,2023,1.8
,,Females,2014,1.1
,,,2015,1
,,,2016,1
,,,2017,0.7
,,,2018,1
,,,2019,1.2
,,,2020,0.8
,,,2021,1.2
,,,2022,1.2
,,,2023,0.8
,45 to 49 years,Males,2014,2.1
,,,2015,3
,,,2016,3.1
,,,2017,2.7
,,,2018,2.3
,,,2019,2.4
,,,2020,2.6
,,,2021,3.4
,,,2022,3.3
,,,2023,2.5
,,Females,2014,1.7
,,,2015,1.9
,,,2016,1.4
,,,2017,1.5
,,,2018,1.7
,,,2019,1.9
,,,2020,1.7
,,,2021,1.8
,,,2022,1.6
,,,2023,1.4
,50 to 54 years,Males,2014,4
,,,2015,4.8
,,,2016,3.8
,,,2017,4.7
,,,2018,4.9
,,,2019,3.9
,,,2020,4.1
,,,2021,4.2
,,,2022,5.2
,,,2023,3.9
,,Females,2014,2.7
,,,2015,2.6
,,,2016,2.3
,,,2017,3.3
,,,2018,2.4
,,,2019,2.1
,,,2020,2.2
,,,2021,3
,,,2022,2.9
,,,2023,2.1
,55 to 59 years,Males,2014,7.3
,,,2015,6.5
,,,2016,6.7
,,,2017,6.9
,,,2018,6.6
,,,2019,6.1
,,,2020,7.6
,,,2021,6.6
,,,2022,7.4
,,,2023,6.6
,,Females,2014,3.9
,,,2015,4.4
,,,2016,4.3
,,,2017,4.4
,,,2018,3.9
,,,2019,4.7
,,,2020,4.3
,,,2021,4.6
,,,2022,4.6
,,,2023,4.1
,60 to 64 years,Males,2014,11
,,,2015,11.3
,,,2016,10.4
,,,2017,10
,,,2018,10.9
,,,2019,11.1
,,,2020,10.6
,,,2021,10.7
,,,2022,10.7
,,,2023,10.1
,,Females,2014,6.8
,,,2015,6.4
,,,2016,6.3
,,,2017,6.8
,,,2018,7.3
,,,2019,7.2
,,,2020,6.8
,,,2021,6.5
,,,2022,6.8
,,,2023,7
,65 to 69 years,Males,2014,16.2
,,,2015,18
,,,2016,16.4
,,,2017,16.3
,,,2018,17.3
,,,2019,16
,,,2020,20.3
,,,2021,18.3
,,,2022,17.5
,,,2023,15.7
,,Females,2014,10.7
,,,2015,10.8
,,,2016,10.3
,,,2017,10.3
,,,2018,10.5
,,,2019,11.3
,,,2020,10.6
,,,2021,9.8
,,,2022,10.9
,,,2023,10.6
,70 to 74 years,Males,2014,26.7
,,,2015,26
,,,2016,25.5
,,,2017,26.6
,,,2018,24.1
,,,2019,26.8
,,,2020,25.1
,,,2021,24.6
,,,2022,27.9
,,,2023,25.8
,,Females,2014,15.7
,,,2015,18.5
,,,2016,17.3
,,,2017,16.4
,,,2018,16.6
,,,2019,17.1
,,,2020,16.9
,,,2021,16.2
,,,2022,19.3
,,,2023,16
,75 to 79 years,Males,2014,42.6
,,,2015,45
,,,2016,42.1
,,,2017,42.5
,,,2018,45.4
,,,2019,43.5
,,,2020,40.3
,,,2021,42.6
,,,2022,42.5
,,,2023,39.6
,,Females,2014,29.4
,,,2015,31.4
,,,2016,28.1
,,,2017,28.5
,,,2018,31.7
,,,2019,27.9
,,,2020,29.4
,,,2021,28.1
,,,2022,29.5
,,,2023,29.7
,80 to 84 years,Males,2014,75.2
,,,2015,76.4
,,,2016,69.6
,,,2017,77.4
,,,2018,67.1
,,,2019,71.3
,,,2020,69.4
,,,2021,75.1
,,,2022,71.4
,,,2023,67.6
,,Females,2014,49.8
,,,2015,57.9
,,,2016,50.1
,,,2017,53.9
,,,2018,50.3
,,,2019,53.3
,,,2020,49.3
,,,2021,49.5
,,,2022,54.2
,,,2023,47.2
,85 to 89 years,Males,2014,121.6
,,,2015,129.2
,,,2016,126
,,,2017,126.7
,,,2018,137.9
,,,2019,122.2
,,,2020,125.3
,,,2021,123.8
,,,2022,136
,,,2023,111.4
,,Females,2014,95.7
,,,2015,94.9
,,,2016,91.2
,,,2017,95.5
,,,2018,93.2
,,,2019,93.1
,,,2020,95.6
,,,2021,88.8
,,,2022,98.3
,,,2023,78.3
,90 years and over,Males,2014,228.3
,,,2015,261.7
,,,2016,236.8
,,,2017,269.5
,,,2018,263
,,,2019,239.3
,,,2020,240.4
,,,2021,241.6
,,,2022,265.2
,,,2023,231.9
,,Females,2014,192.1
,,,2015,216.5
,,,2016,199.8
,,,2017,207.6
,,,2018,207.1
,,,2019,207.6
,,,2020,198.4
,,,2021,194
,,,2022,220.5
,,,2023,182.7
New Brunswick,0 years,Males,2014,3.9
,,,2015,5.6
,,,2016,2.9
,,,2017,4.4
,,,2018,3.4
,,,2019,5.8
,,,2020,5.9
,,,2021,3.7
,,,2022,6.5
,,,2023,4.1
,,Females,2014,4.2
,,,2015,2.4
,,,2016,7.3
,,,2017,1.2
,,,2018,3.8
,,,2019,2.6
,,,2020,3.6
,,,2021,5
,,,2022,5.6
,,,2023,4.7
,1 to 4 years,Males,2014,0.1
,,,2015,0.2
,,,2016,0.1
,,,2017,0.1
,,,2018,0.1
,,,2019,0.2
,,,2020,0
,,,2021,0.2
,,,2022,0.1
,,,2023,0
,,Females,2014,0
,,,2015,0.1
,,,2016,0.2
,,,2017,0.1
,,,2018,0.1
,,,2019,0.1
,,,2020,0.1
,,,2021,0.2
,,,2022,0.2
,,,2023,0.2
,5 to 9 years,Males,2014,0.1
,,,2015,0.2
,,,2016,0.1
,,,2017,0.1
,,,2018,0
,,,2019,0
,,,2020,0
,,,2021,0.1
,,,2022,0
,,,2023,0
,,Females,2014,0
,,,2015,0.1
,,,2016,0
,,,2017,0.2
,,,2018,0.2
,,,2019,0.1
,,,2020,0.2
,,,2021,0
,,,2022,0.1
,,,2023,0
,10 to 14 years,Males,2014,0.2
,,,2015,0.2
,,,2016,0.2
,,,2017,0.1
,,,2018,0.2
,,,2019,0
,,,2020,0.1
,,,2021,0.1
,,,2022,0.1
,,,2023,0
,,Females,2014,0.3
,,,2015,0.1
,,,2016,0.2
,,,2017,0.2
,,,2018,0
,,,2019,0.1
,,,2020,0.2
,,,2021,0.1
,,,2022,0.1
,,,2023,0
,15 to 19 years,Males,2014,0.4
,,,2015,0.5
,,,2016,0.7
,,,2017,0.3
,,,2018,0.9
,,,2019,0.8
,,,2020,0.6
,,,2021,0.4
,,,2022,0.5
,,,2023,0.5
,,Females,2014,0.1
,,,2015,0.3
,,,2016,0.3
,,,2017,0.4
,,,2018,0.2
,,,2019,0.3
,,,2020,0.2
,,,2021,0.4
,,,2022,0.1
,,,2023,0.2
,20 to 24 years,Males,2014,0.9
,,,2015,0.7
,,,2016,1
,,,2017,1.2
,,,2018,0.6
,,,2019,1.1
,,,2020,0.9
,,,2021,0.4
,,,2022,1.2
,,,2023,0.7
,,Females,2014,0.4
,,,2015,0.4
,,,2016,0.4
,,,2017,0.3
,,,2018,0.4
,,,2019,0.3
,,,2020,0.4
,,,2021,0.4
,,,2022,0.5
,,,2023,0.4
,25 to 29 years,Males,2014,0.9
,,,2015,1.2
,,,2016,1.2
,,,2017,1.1
,,,2018,1.1
,,,2019,1.1
,,,2020,1.5
,,,2021,0.9
,,,2022,0.7
,,,2023,1.3
,,Females,2014,0.5
,,,2015,0.4
,,,2016,0.2
,,,2017,0.3
,,,2018,0.9
,,,2019,0.4
,,,2020,0.6
,,,2021,0.4
,,,2022,0.5
,,,2023,0.6
,30 to 34 years,Males,2014,0.8
,,,2015,1.1
,,,2016,1.2
,,,2017,0.9
,,,2018,1.4
,,,2019,1.1
,,,2020,1.2
,,,2021,1
,,,2022,1.5
,,,2023,1.4
,,Females,2014,0.4
,,,2015,0.5
,,,2016,0.7
,,,2017,0.4
,,,2018,0.8
,,,2019,0.9
,,,2020,0.6
,,,2021,0.6
,,,2022,0.7
,,,2023,0.7
,35 to 39 years,Males,2014,1.4
,,,2015,1.1
,,,2016,1.4
,,,2017,1.4
,,,2018,1.1
,,,2019,1.5
,,,2020,1.4
,,,2021,1.9
,,,2022,1.9
,,,2023,2.2
,,Females,2014,0.8
,,,2015,0.8
,,,2016,0.8
,,,2017,0.7
,,,2018,1.2
,,,2019,0.5
,,,2020,0.9
,,,2021,1
,,,2022,1
,,,2023,1.3
,40 to 44 years,Males,2014,1.7
,,,2015,1.9
,,,2016,1.7
,,,2017,1.5
,,,2018,1.7
,,,2019,1.8
,,,2020,1.9
,,,2021,2.3
,,,2022,2
,,,2023,2.1
,,Females,2014,0.9
,,,2015,1.2
,,,2016,1.2
,,,2017,1.2
,,,2018,0.8
,,,2019,1.3
,,,2020,1.1
,,,2021,1.2
,,,2022,1.4
,,,2023,1.3
,45 to 49 years,Males,2014,3
,,,2015,3.1
,,,2016,2.5
,,,2017,2.4
,,,2018,2.6
,,,2019,2.3
,,,2020,2.8
,,,2021,3.2
,,,2022,3
,,,2023,3.5
,,Females,2014,1.3
,,,2015,2
,,,2016,1.7
,,,2017,1.8
,,,2018,1.9
,,,2019,1.3
,,,2020,1.7
,,,2021,1.9
,,,2022,2.2
,,,2023,1.7
,50 to 54 years,Males,2014,3.8
,,,2015,3.5
,,,2016,4.1
,,,2017,3.6
,,,2018,4.2
,,,2019,3.7
,,,2020,3.6
,,,2021,4.4
,,,2022,5
,,,2023,4.1
,,Females,2014,2.5
,,,2015,2.4
,,,2016,2.6
,,,2017,2.7
,,,2018,3.1
,,,2019,2.7
,,,2020,2.7
,,,2021,2.4
,,,2022,3.1
,,,2023,2.6
,55 to 59 years,Males,2014,5.6
,,,2015,6.5
,,,2016,6.6
,,,2017,6.7
,,,2018,6.3
,,,2019,5.6
,,,2020,5.5
,,,2021,6.7
,,,2022,6.7
,,,2023,7.6
,,Females,2014,4.3
,,,2015,4
,,,2016,4
,,,2017,4.8
,,,2018,4.3
,,,2019,4.3
,,,2020,4.8
,,,2021,4.2
,,,2022,4.1
,,,2023,4.3
,60 to 64 years,Males,2014,10.2
,,,2015,10.7
,,,2016,9.8
,,,2017,8.9
,,,2018,10.1
,,,2019,9.6
,,,2020,9.6
,,,2021,10.1
,,,2022,10.1
,,,2023,10.1
,,Females,2014,6.6
,,,2015,7
,,,2016,7.3
,,,2017,6.8
,,,2018,6.5
,,,2019,6.3
,,,2020,6.7
,,,2021,7.1
,,,2022,7.7
,,,2023,6.7
,65 to 69 years,Males,2014,14.7
,,,2015,16.3
,,,2016,16.1
,,,2017,15.7
,,,2018,15
,,,2019,17
,,,2020,14.6
,,,2021,14.4
,,,2022,16.6
,,,2023,15
,,Females,2014,9.8
,,,2015,10.7
,,,2016,10.5
,,,2017,10.1
,,,2018,10.5
,,,2019,10.6
,,,2020,9.2
,,,2021,9.8
,,,2022,11.4
,,,2023,10.8
,70 to 74 years,Males,2014,25.6
,,,2015,24.2
,,,2016,24.6
,,,2017,27.2
,,,2018,24.9
,,,2019,25.4
,,,2020,24.3
,,,2021,25
,,,2022,27.3
,,,2023,24
,,Females,2014,17.8
,,,2015,15.5
,,,2016,15.7
,,,2017,15.4
,,,2018,16.4
,,,2019,16.5
,,,2020,16.3
,,,2021,15
,,,2022,15.3
,,,2023,16.1
,75 to 79 years,Males,2014,41.4
,,,2015,43.9
,,,2016,40.2
,,,2017,40.5
,,,2018,42.6
,,,2019,40.2
,,,2020,36.6
,,,2021,41.4
,,,2022,45.8
,,,2023,38.8
,,Females,2014,28.5
,,,2015,26.5
,,,2016,24.3
,,,2017,27.6
,,,2018,27.6
,,,2019,26.8
,,,2020,24.1
,,,2021,28.8
,,,2022,30.4
,,,2023,29
,80 to 84 years,Males,2014,70.3
,,,2015,70.6
,,,2016,71.3
,,,2017,69.5
,,,2018,72.7
,,,2019,67.5
,,,2020,61.8
,,,2021,68.9
,,,2022,67.2
,,,2023,67.1
,,Females,2014,51.3
,,,2015,52.1
,,,2016,49.9
,,,2017,49.4
,,,2018,48.3
,,,2019,51.6
,,,2020,46.4
,,,2021,48.3
,,,2022,54.3
,,,2023,45.8
,85 to 89 years,Males,2014,123.3
,,,2015,133.2
,,,2016,131.4
,,,2017,124.6
,,,2018,116.9
,,,2019,125.8
,,,2020,120
,,,2021,113.4
,,,2022,126.5
,,,2023,115.4
,,Females,2014,87.8
,,,2015,98.3
,,,2016,85.4
,,,2017,90.9
,,,2018,89.9
,,,2019,82.4
,,,2020,79.4
,,,2021,86.8
,,,2022,96
,,,2023,89.7
,90 years and over,Males,2014,224.5
,,,2015,256.3
,,,2016,237.1
,,,2017,268.2
,,,2018,249.1
,,,2019,257
,,,2020,213.2
,,,2021,244
,,,2022,270.1
,,,2023,233.2
,,Females,2014,184.4
,,,2015,199
,,,2016,182.7
,,,2017,201.4
,,,2018,196.3
,,,2019,201.5
,,,2020,182.8
,,,2021,185.2
,,,2022,227.7
,,,2023,203
Quebec,0 years,Males,2014,4.8
,,,2015,5.2
,,,2016,4.2
,,,2017,4.8
,,,2018,4.4
,,,2019,5.1
,,,2020,4.1
,,,2021,5
,,,2022,4.5
,,,2023,4.9
,,Females,2014,3.9
,,,2015,4.4
,,,2016,4.4
,,,2017,3.4
,,,2018,4.1
,,,2019,3.3
,,,2020,4.1
,,,2021,3.6
,,,2022,3.8
,,,2023,4
,1 to 4 years,Males,2014,0.2
,,,2015,0.2
,,,2016,0.2
,,,2017,0.1
,,,2018,0.1
,,,2019,0.2
,,,2020,0.1
,,,2021,0.2
,,,2022,0.2
,,,2023,0.2
,,Females,2014,0.2
,,,2015,0.1
,,,2016,0.1
,,,2017,0.1
,,,2018,0.1
,,,2019,0.1
,,,2020,0.2
,,,2021,0.1
,,,2022,0.2
,,,2023,0.1
,5 to 9 years,Males,2014,0.1
,,,2015,0.1
,,,2016,0.1
,,,2017,0.1
,,,2018,0.1
,,,2019,0.1
,,,2020,0.1
,,,2021,0.1
,,,2022,0.1
,,,2023,0.1
,,Females,2014,0
,,,2015,0.1
,,,2016,0.1
,,,2017,0.1
,,,2018,0.1
,,,2019,0.1
,,,2020,0.1
,,,2021,0
,,,2022,0.1
,,,2023,0
,10 to 14 years,Males,2014,0.1
,,,2015,0.1
,,,2016,0.1
,,,2017,0.1
,,,2018,0.1
,,,2019,0.1
,,,2020,0.1
,,,2021,0.1
,,,2022,0.1
,,,2023,0.1
,,Females,2014,0.1
,,,2015,0.1
,,,2016,0.1
,,,2017,0.1
,,,2018,0.1
,,,2019,0
,,,2020,0.1
,,,2021,0.1
,,,2022,0.1
,,,2023,0.1
,15 to 19 years,Males,2014,0.3
,,,2015,0.3
,,,2016,0.3
,,,2017,0.4
,,,2018,0.3
,,,2019,0.3
,,,2020,0.3
,,,2021,0.3
,,,2022,0.3
,,,2023,0.3
,,Females,2014,0.2
,,,2015,0.2
,,,2016,0.1
,,,2017,0.1
,,,2018,0.2
,,,2019,0.2
,,,2020,0.1
,,,2021,0.2
,,,2022,0.1
,,,2023,0.2
,20 to 24 years,Males,2014,0.4
,,,2015,0.5
,,,2016,0.5
,,,2017,0.6
,,,2018,0.6
,,,2019,0.6
,,,2020,0.6
,,,2021,0.5
,,,2022,0.4
,,,2023,0.5
,,Females,2014,0.2
,,,2015,0.2
,,,2016,0.2
,,,2017,0.2
,,,2018,0.3
,,,2019,0.2
,,,2020,0.2
,,,2021,0.2
,,,2022,0.2
,,,2023,0.2
,25 to 29 years,Males,2014,0.6
,,,2015,0.7
,,,2016,0.5
,,,2017,0.6
,,,2018,0.6
,,,2019,0.6
,,,2020,0.7
,,,2021,0.6
,,,2022,0.6
,,,2023,0.6
,,Females,2014,0.3
,,,2015,0.2
,,,2016,0.3
,,,2017,0.3
,,,2018,0.3
,,,2019,0.2
,,,2020,0.3
,,,2021,0.3
,,,2022,0.3
,,,2023,0.3
,30 to 34 years,Males,2014,0.8
,,,2015,0.7
,,,2016,0.6
,,,2017,0.7
,,,2018,0.7
,,,2019,0.7
,,,2020,0.7
,,,2021,0.7
,,,2022,0.7
,,,2023,0.7
,,Females,2014,0.4
,,,2015,0.3
,,,2016,0.4
,,,2017,0.3
,,,2018,0.3
,,,2019,0.3
,,,2020,0.4
,,,2021,0.3
,,,2022,0.3
,,,2023,0.4
,35 to 39 years,Males,2014,0.9
,,,2015,0.9
,,,2016,0.8
,,,2017,1
,,,2018,0.8
,,,2019,0.7
,,,2020,0.8
,,,2021,1
,,,2022,0.9
,,,2023,1
,,Females,2014,0.5
,,,2015,0.4
,,,2016,0.5
,,,2017,0.5
,,,2018,0.5
,,,2019,0.4
,,,2020,0.5
,,,2021,0.5
,,,2022,0.6
,,,2023,0.6
,40 to 44 years,Males,2014,1.2
,,,2015,1.3
,,,2016,1.2
,,,2017,1.1
,,,2018,1.2
,,,2019,1.1
,,,2020,1.3
,,,2021,1.2
,,,2022,1.3
,,,2023,1.2
,,Females,2014,0.8
,,,2015,0.8
,,,2016,0.7
,,,2017,0.7
,,,2018,0.7
,,,2019,0.7
,,,2020,0.8
,,,2021,0.7
,,,2022,0.7
,,,2023,0.8
,45 to 49 years,Males,2014,2.2
,,,2015,2.1
,,,2016,2
,,,2017,1.8
,,,2018,1.8
,,,2019,1.8
,,,2020,2
,,,2021,1.7
,,,2022,1.7
,,,2023,2
,,Females,2014,1.4
,,,2015,1.2
,,,2016,1.4
,,,2017,1.3
,,,2018,1.1
,,,2019,1.2
,,,2020,1.2
,,,2021,0.9
,,,2022,1.1
,,,2023,1.2
,50 to 54 years,Males,2014,3.3
,,,2015,3.2
,,,2016,3.3
,,,2017,3.3
,,,2018,3.1
,,,2019,3
,,,2020,2.9
,,,2021,2.7
,,,2022,3
,,,2023,3.1
,,Females,2014,2.3
,,,2015,2.4
,,,2016,2.2
,,,2017,2.3
,,,2018,2.1
,,,2019,2.1
,,,2020,2.1
,,,2021,1.8
,,,2022,1.8
,,,2023,1.9
,55 to 59 years,Males,2014,5.3
,,,2015,5.4
,,,2016,5.2
,,,2017,5.2
,,,2018,5
,,,2019,4.9
,,,2020,5.1
,,,2021,4.7
,,,2022,4.9
,,,2023,4.9
,,Females,2014,3.8
,,,2015,3.8
,,,2016,3.7
,,,2017,3.8
,,,2018,3.6
,,,2019,3.3
,,,2020,3.4
,,,2021,3.2
,,,2022,3.5
,,,2023,3.2
,60 to 64 years,Males,2014,8.9
,,,2015,8.6
,,,2016,8.4
,,,2017,8
,,,2018,8.4
,,,2019,7.8
,,,2020,8.4
,,,2021,7.7
,,,2022,8.1
,,,2023,7.8
,,Females,2014,6.3
,,,2015,6.3
,,,2016,5.9
,,,2017,6
,,,2018,5.6
,,,2019,5.2
,,,2020,5.8
,,,2021,5.3
,,,2022,5.7
,,,2023,5.3
,65 to 69 years,Males,2014,14.3
,,,2015,14.1
,,,2016,13.9
,,,2017,13.1
,,,2018,13.3
,,,2019,12.4
,,,2020,13.3
,,,2021,13
,,,2022,13.1
,,,2023,12.9
,,Females,2014,8.8
,,,2015,9
,,,2016,9.1
,,,2017,9
,,,2018,9.2
,,,2019,8.4
,,,2020,8.8
,,,2021,8.4
,,,2022,9.4
,,,2023,9
,70 to 74 years,Males,2014,22.8
,,,2015,22.7
,,,2016,21.1
,,,2017,20.8
,,,2018,20.4
,,,2019,21
,,,2020,20.7
,,,2021,20.4
,,,2022,21.7
,,,2023,20.5
,,Females,2014,14.9
,,,2015,15.2
,,,2016,14.4
,,,2017,14.5
,,,2018,14.6
,,,2019,14.1
,,,2020,14.5
,,,2021,13.8
,,,2022,14.8
,,,2023,14.7
,75 to 79 years,Males,2014,38.5
,,,2015,37.9
,,,2016,36.3
,,,2017,35.1
,,,2018,35.2
,,,2019,33.6
,,,2020,35.7
,,,2021,33.4
,,,2022,35.9
,,,2023,34.3
,,Females,2014,24.4
,,,2015,24.2
,,,2016,25.3
,,,2017,24.9
,,,2018,24.1
,,,2019,23.3
,,,2020,24.5
,,,2021,22.9
,,,2022,25.6
,,,2023,24.8
,80 to 84 years,Males,2014,67
,,,2015,65.8
,,,2016,62.3
,,,2017,61.6
,,,2018,62.2
,,,2019,58.4
,,,2020,63.2
,,,2021,56.6
,,,2022,63.6
,,,2023,59.7
,,Females,2014,45.4
,,,2015,45.5
,,,2016,43.5
,,,2017,43.2
,,,2018,45.3
,,,2019,42.3
,,,2020,45.8
,,,2021,40.8
,,,2022,45
,,,2023,43.7
,85 to 89 years,Males,2014,113.5
,,,2015,113.8
,,,2016,108.3
,,,2017,110.9
,,,2018,111.3
,,,2019,105.8
,,,2020,118.7
,,,2021,103.5
,,,2022,118.9
,,,2023,111.1
,,Females,2014,83.7
,,,2015,81.3
,,,2016,79.7
,,,2017,79.2
,,,2018,84.6
,,,2019,79.2
,,,2020,88.6
,,,2021,78
,,,2022,84.2
,,,2023,83.4
,90 years and over,Males,2014,219
,,,2015,218.5
,,,2016,200.9
,,,2017,208.2
,,,2018,218
,,,2019,204.3
,,,2020,224
,,,2021,186.6
,,,2022,241.4
,,,2023,224.7
,,Females,2014,180.5
,,,2015,176.2
,,,2016,167.5
,,,2017,178.7
,,,2018,183
,,,2019,174.6
,,,2020,198.1
,,,2021,164.3
,,,2022,191
,,,2023,188.1
Ontario,0 years,Males,2014,4.9
,,,2015,4.6
,,,2016,5.2
,,,2017,4.8
,,,2018,4.9
,,,2019,4.9
,,,2020,4.8
,,,2021,4.6
,,,2022,4.6
,,,2023,4.9
,,Females,2014,4.2
,,,2015,4.2
,,,2016,4.2
,,,2017,4.6
,,,2018,4.4
,,,2019,4.3
,,,2020,3.5
,,,2021,4.1
,,,2022,4.1
,,,2023,3.9
,1 to 4 years,Males,2014,0.1
,,,2015,0.2
,,,2016,0.2
,,,2017,0.2
,,,2018,0.2
,,,2019,0.2
,,,2020,0.2
,,,2021,0.2
,,,2022,0.2
,,,2023,0.2
,,Females,2014,0.1
,,,2015,0.1
,,,2016,0.2
,,,2017,0.1
,,,2018,0.1
,,,2019,0.1
,,,2020,0.1
,,,2021,0.1
,,,2022,0.2
,,,2023,0.1
,5 to 9 years,Males,2014,0.1
,,,2015,0.1
,,,2016,0.1
,,,2017,0.1
,,,2018,0.1
,,,2019,0.1
,,,2020,0.1
,,,2021,0.1
,,,2022,0.1
,,,2023,0.1
,,Females,2014,0.1
,,,2015,0.1
,,,2016,0.1
,,,2017,0.1
,,,2018,0.1
,,,2019,0.1
,,,2020,0.1
,,,2021,0.1
,,,2022,0.1
,,,2023,0.1
,10 to 14 years,Males,2014,0.1
,,,2015,0.1
,,,2016,0.1
,,,2017,0.1
,,,2018,0.1
,,,2019,0.1
,,,2020,0.1
,,,2021,0.1
,,,2022,0.1
,,,2023,0.1
,,Females,2014,0.1
,,,2015,0.1
,,,2016,0.1
,,,2017,0.1
,,,2018,0.1
,,,2019,0.1
,,,2020,0.1
,,,2021,0.1
,,,2022,0.1
,,,2023,0.1
,15 to 19 years,Males,2014,0.3
,,,2015,0.3
,,,2016,0.3
,,,2017,0.4
,,,2018,0.4
,,,2019,0.4
,,,2020,0.4
,,,2021,0.4
,,,2022,0.4
,,,2023,0.4
,,Females,2014,0.2
,,,2015,0.2
,,,2016,0.2
,,,2017,0.2
,,,2018,0.2
,,,2019,0.2
,,,2020,0.2
,,,2021,0.2
,,,2022,0.2
,,,2023,0.2
,20 to 24 years,Males,2014,0.6
,,,2015,0.6
,,,2016,0.6
,,,2017,0.7
,,,2018,0.7
,,,2019,0.6
,,,2020,0.7
,,,2021,0.8
,,,2022,0.7
,,,2023,0.6
,,Females,2014,0.2
,,,2015,0.3
,,,2016,0.2
,,,2017,0.3
,,,2018,0.3
,,,2019,0.3
,,,2020,0.3
,,,2021,0.4
,,,2022,0.4
,,,2023,0.3
,25 to 29 years,Males,2014,0.7
,,,2015,0.7
,,,2016,0.7
,,,2017,0.9
,,,2018,0.9
,,,2019,0.9
,,,2020,1.1
,,,2021,1.1
,,,2022,0.9
,,,2023,0.9
,,Females,2014,0.4
,,,2015,0.3
,,,2016,0.3
,,,2017,0.4
,,,2018,0.4
,,,2019,0.4
,,,2020,0.5
,,,2021,0.5
,,,2022,0.4
,,,2023,0.4
,30 to 34 years,Males,2014,0.8
,,,2015,0.7
,,,2016,0.9
,,,2017,1.1
,,,2018,1
,,,2019,1
,,,2020,1.3
,,,2021,1.4
,,,2022,1.2
,,,2023,1.2
,,Females,2014,0.4
,,,2015,0.5
,,,2016,0.5
,,,2017,0.4
,,,2018,0.6
,,,2019,0.6
,,,2020,0.6
,,,2021,0.6
,,,2022,0.6
,,,2023,0.6
,35 to 39 years,Males,2014,1
,,,2015,0.9
,,,2016,1
,,,2017,1.2
,,,2018,1.2
,,,2019,1.2
,,,2020,1.5
,,,2021,1.7
,,,2022,1.6
,,,2023,1.6
,,Females,2014,0.6
,,,2015,0.5
,,,2016,0.6
,,,2017,0.6
,,,2018,0.6
,,,2019,0.7
,,,2020,0.7
,,,2021,0.8
,,,2022,0.8
,,,2023,0.8
,40 to 44 years,Males,2014,1.4
,,,2015,1.3
,,,2016,1.5
,,,2017,1.4
,,,2018,1.6
,,,2019,1.6
,,,2020,2
,,,2021,2.1
,,,2022,1.9
,,,2023,1.9
,,Females,2014,0.9
,,,2015,0.9
,,,2016,0.9
,,,2017,0.8
,,,2018,0.9
,,,2019,0.9
,,,2020,1
,,,2021,1.1
,,,2022,1.1
,,,2023,1
,45 to 49 years,Males,2014,2.1
,,,2015,2
,,,2016,2.1
,,,2017,2.2
,,,2018,2.3
,,,2019,2.2
,,,2020,2.4
,,,2021,2.7
,,,2022,2.7
,,,2023,2.5
,,Females,2014,1.4
,,,2015,1.3
,,,2016,1.4
,,,2017,1.3
,,,2018,1.4
,,,2019,1.3
,,,2020,1.4
,,,2021,1.4
,,,2022,1.6
,,,2023,1.5
,50 to 54 years,Males,2014,3.4
,,,2015,3.3
,,,2016,3.4
,,,2017,3.4
,,,2018,3.5
,,,2019,3.4
,,,2020,3.8
,,,2021,4.1
,,,2022,3.8
,,,2023,3.7
,,Females,2014,2.2
,,,2015,2.3
,,,2016,2.3
,,,2017,2.2
,,,2018,2.2
,,,2019,2.2
,,,2020,2.2
,,,2021,2.3
,,,2022,2.2
,,,2023,2.2
,55 to 59 years,Males,2014,5.7
,,,2015,5.6
,,,2016,5.7
,,,2017,5.5
,,,2018,5.4
,,,2019,5.6
,,,2020,5.9
,,,2021,6
,,,2022,6.2
,,,2023,6
,,Females,2014,3.8
,,,2015,3.6
,,,2016,3.6
,,,2017,3.6
,,,2018,3.5
,,,2019,3.3
,,,2020,3.7
,,,2021,3.6
,,,2022,3.5
,,,2023,3.4
,60 to 64 years,Males,2014,9.1
,,,2015,9
,,,2016,9
,,,2017,9.1
,,,2018,8.9
,,,2019,8.7
,,,2020,9.2
,,,2021,9.2
,,,2022,9.3
,,,2023,8.8
,,Females,2014,5.5
,,,2015,5.5
,,,2016,5.5
,,,2017,5.5
,,,2018,5.4
,,,2019,5.2
,,,2020,5.6
,,,2021,5.7
,,,2022,5.7
,,,2023,5.3
,65 to 69 years,Males,2014,13.7
,,,2015,13
,,,2016,13.4
,,,2017,13
,,,2018,13.6
,,,2019,13.5
,,,2020,13.7
,,,2021,14.1
,,,2022,14.4
,,,2023,13.4
,,Females,2014,8.2
,,,2015,8.5
,,,2016,8.5
,,,2017,8.4
,,,2018,8.4
,,,2019,8.2
,,,2020,8.5
,,,2021,8.7
,,,2022,8.9
,,,2023,8.3
,70 to 74 years,Males,2014,21.5
,,,2015,20.9
,,,2016,20.7
,,,2017,21.2
,,,2018,20
,,,2019,20.2
,,,2020,20.9
,,,2021,21.2
,,,2022,21.5
,,,2023,20.4
,,Females,2014,14.2
,,,2015,14.1
,,,2016,14.4
,,,2017,14
,,,2018,13.8
,,,2019,12.9
,,,2020,13.2
,,,2021,13.5
,,,2022,13.7
,,,2023,13
,75 to 79 years,Males,2014,35.3
,,,2015,33.8
,,,2016,33.6
,,,2017,33.6
,,,2018,34.3
,,,2019,32
,,,2020,34.4
,,,2021,34.4
,,,2022,34.4
,,,2023,31.5
,,Females,2014,22.8
,,,2015,23.1
,,,2016,23.1
,,,2017,22.5
,,,2018,22.6
,,,2019,21.8
,,,2020,23
,,,2021,22.5
,,,2022,23
,,,2023,22.7
,80 to 84 years,Males,2014,62.1
,,,2015,60.6
,,,2016,57.7
,,,2017,59.3
,,,2018,58.4
,,,2019,56.7
,,,2020,59
,,,2021,57
,,,2022,60.1
,,,2023,55.4
,,Females,2014,42.5
,,,2015,42.2
,,,2016,41.5
,,,2017,41.3
,,,2018,41.6
,,,2019,39.7
,,,2020,40.8
,,,2021,39.6
,,,2022,42
,,,2023,40.2
,85 to 89 years,Males,2014,111.1
,,,2015,109.1
,,,2016,106.2
,,,2017,107
,,,2018,106.6
,,,2019,104.4
,,,2020,106.9
,,,2021,102.9
,,,2022,110
,,,2023,101.3
,,Females,2014,79.9
,,,2015,77.9
,,,2016,75.6
,,,2017,76
,,,2018,77.2
,,,2019,73.8
,,,2020,76.7
,,,2021,74.7
,,,2022,79.5
,,,2023,73.2
,90 years and over,Males,2014,214
,,,2015,210
,,,2016,206.6
,,,2017,213.4
,,,2018,212.9
,,,2019,208.4
,,,2020,216.3
,,,2021,206.5
,,,2022,230.1
,,,2023,216.5
,,Females,2014,173.7
,,,2015,175.8
,,,2016,169
,,,2017,176.5
,,,2018,180.5
,,,2019,176.5
,,,2020,184.6
,,,2021,174.7
,,,2022,189.6
,,,2023,179.5
Manitoba,0 years,Males,2014,7.5
,,,2015,6.4
,,,2016,6.2
,,,2017,8.2
,,,2018,7.4
,,,2019,6
,,,2020,7.6
,,,2021,5.7
,,,2022,6.2
,,,2023,7.1
,,Females,2014,5.1
,,,2015,6.5
,,,2016,4.9
,,,2017,6.3
,,,2018,6
,,,2019,5.4
,,,2020,5.9
,,,2021,4.4
,,,2022,4.9
,,,2023,6.9
,1 to 4 years,Males,2014,0.3
,,,2015,0.5
,,,2016,0.4
,,,2017,0.3
,,,2018,0.3
,,,2019,0.2
,,,2020,0.3
,,,2021,0.3
,,,2022,0.4
,,,2023,0.5
,,Females,2014,0.3
,,,2015,0.2
,,,2016,0.2
,,,2017,0.3
,,,2018,0.4
,,,2019,0.4
,,,2020,0.2
,,,2021,0.2
,,,2022,0.2
,,,2023,0.2
,5 to 9 years,Males,2014,0.1
,,,2015,0.2
,,,2016,0.1
,,,2017,0.2
,,,2018,0.1
,,,2019,0.1
,,,2020,0.3
,,,2021,0
,,,2022,0.2
,,,2023,0.1
,,Females,2014,0.2
,,,2015,0.1
,,,2016,0.1
,,,2017,0.1
,,,2018,0.1
,,,2019,0.1
,,,2020,0.1
,,,2021,0
,,,2022,0.2
,,,2023,0.3
,10 to 14 years,Males,2014,0.2
,,,2015,0.1
,,,2016,0.2
,,,2017,0.3
,,,2018,0.1
,,,2019,0.1
,,,2020,0.2
,,,2021,0.1
,,,2022,0.2
,,,2023,0.2
,,Females,2014,0.2
,,,2015,0.3
,,,2016,0.3
,,,2017,0.2
,,,2018,0.2
,,,2019,0.3
,,,2020,0.1
,,,2021,0.1
,,,2022,0.3
,,,2023,0.3
,15 to 19 years,Males,2014,0.6
,,,2015,0.6
,,,2016,0.7
,,,2017,0.7
,,,2018,0.6
,,,2019,0.8
,,,2020,0.7
,,,2021,0.7
,,,2022,1
,,,2023,0.9
,,Females,2014,0.3
,,,2015,0.4
,,,2016,0.5
,,,2017,0.5
,,,2018,0.4
,,,2019,0.5
,,,2020,0.6
,,,2021,0.6
,,,2022,0.5
,,,2023,0.5
,20 to 24 years,Males,2014,0.8
,,,2015,0.9
,,,2016,1.2
,,,2017,1.1
,,,2018,1.2
,,,2019,1.3
,,,2020,1.2
,,,2021,1.1
,,,2022,1
,,,2023,1
,,Females,2014,0.8
,,,2015,0.5
,,,2016,0.6
,,,2017,0.7
,,,2018,0.8
,,,2019,0.7
,,,2020,1
,,,2021,0.7
,,,2022,0.7
,,,2023,1.1
,25 to 29 years,Males,2014,1.2
,,,2015,1.1
,,,2016,1.6
,,,2017,1.2
,,,2018,1.2
,,,2019,1.1
,,,2020,1.8
,,,2021,1.7
,,,2022,1.4
,,,2023,1.7
,,Females,2014,0.8
,,,2015,0.9
,,,2016,0.5
,,,2017,0.6
,,,2018,0.7
,,,2019,0.8
,,,2020,1.1
,,,2021,1.3
,,,2022,1.2
,,,2023,1.5
,30 to 34 years,Males,2014,1.4
,,,2015,1.2
,,,2016,1.3
,,,2017,1.2
,,,2018,1.4
,,,2019,1.2
,,,2020,1.9
,,,2021,2
,,,2022,2
,,,2023,2
,,Females,2014,0.7
,,,2015,0.7
,,,2016,0.6
,,,2017,1.2
,,,2018,0.8
,,,2019,0.9
,,,2020,1.2
,,,2021,1.5
,,,2022,1.3
,,,2023,1.5
,35 to 39 years,Males,2014,1.2
,,,2015,1.4
,,,2016,1.5
,,,2017,1.4
,,,2018,1.8
,,,2019,2.2
,,,2020,2.3
,,,2021,2.1
,,,2022,2.6
,,,2023,2.1
,,Females,2014,0.8
,,,2015,0.9
,,,2016,1.4
,,,2017,1
,,,2018,1
,,,2019,1
,,,2020,1.1
,,,2021,1.2
,,,2022,1.1
,,,2023,1.4
,40 to 44 years,Males,2014,1.6
,,,2015,2
,,,2016,2.1
,,,2017,2.1
,,,2018,2.2
,,,2019,2.2
,,,2020,2.7
,,,2021,2.4
,,,2022,2.7
,,,2023,3.1
,,Females,2014,1.3
,,,2015,1.3
,,,2016,1.6
,,,2017,1.4
,,,2018,1.4
,,,2019,1.3
,,,2020,1.6
,,,2021,1.4
,,,2022,1.7
,,,2023,2.1
,45 to 49 years,Males,2014,3.1
,,,2015,2.6
,,,2016,3
,,,2017,2.8
,,,2018,2.6
,,,2019,2.9
,,,2020,3.6
,,,2021,3.4
,,,2022,3.6
,,,2023,3
,,Females,2014,1.8
,,,2015,1.6
,,,2016,2
,,,2017,2
,,,2018,2.1
,,,2019,1.7
,,,2020,2.4
,,,2021,1.9
,,,2022,2.3
,,,2023,2.6
,50 to 54 years,Males,2014,4.8
,,,2015,3.9
,,,2016,4.6
,,,2017,4.7
,,,2018,4.7
,,,2019,4.4
,,,2020,5.3
,,,2021,5.4
,,,2022,4.9
,,,2023,6
,,Females,2014,3
,,,2015,3.1
,,,2016,3.1
,,,2017,3
,,,2018,3.5
,,,2019,3.3
,,,2020,2.9
,,,2021,3
,,,2022,3.4
,,,2023,3.2
,55 to 59 years,Males,2014,7.1
,,,2015,6.9
,,,2016,6.9
,,,2017,6.7
,,,2018,6.9
,,,2019,7.6
,,,2020,6.8
,,,2021,8.3
,,,2022,6.9
,,,2023,7.9
,,Females,2014,4.3
,,,2015,4.9
,,,2016,4.3
,,,2017,4.8
,,,2018,4.4
,,,2019,4.3
,,,2020,5
,,,2021,4.7
,,,2022,4.2
,,,2023,4.6
,60 to 64 years,Males,2014,10.7
,,,2015,9.7
,,,2016,11.5
,,,2017,10.8
,,,2018,11.4
,,,2019,10.3
,,,2020,10.1
,,,2021,11.3
,,,2022,11.9
,,,2023,11.5
,,Females,2014,7.7
,,,2015,7.3
,,,2016,7.3
,,,2017,7.3
,,,2018,7
,,,2019,6.7
,,,2020,7.3
,,,2021,6.5
,,,2022,6.4
,,,2023,6.6
,65 to 69 years,Males,2014,16.6
,,,2015,17.3
,,,2016,15.4
,,,2017,15.6
,,,2018,16.6
,,,2019,16.3
,,,2020,17.2
,,,2021,15.8
,,,2022,17.1
,,,2023,16.4
,,Females,2014,10.9
,,,2015,10
,,,2016,11.7
,,,2017,10.4
,,,2018,9.5
,,,2019,9.9
,,,2020,9.9
,,,2021,9.9
,,,2022,10.8
,,,2023,10.7
,70 to 74 years,Males,2014,27.2
,,,2015,25.5
,,,2016,27.2
,,,2017,26
,,,2018,25.9
,,,2019,25.1
,,,2020,26.1
,,,2021,27.8
,,,2022,26.9
,,,2023,25.3
,,Females,2014,16.3
,,,2015,16.7
,,,2016,17.3
,,,2017,17.8
,,,2018,16.1
,,,2019,16.3
,,,2020,17.5
,,,2021,15.8
,,,2022,17.2
,,,2023,16.6
,75 to 79 years,Males,2014,43.2
,,,2015,42.3
,,,2016,40.3
,,,2017,40.3
,,,2018,36.1
,,,2019,39.5
,,,2020,39.6
,,,2021,39.5
,,,2022,42.1
,,,2023,40.4
,,Females,2014,28.7
,,,2015,27.7
,,,2016,28.4
,,,2017,25.9
,,,2018,26.6
,,,2019,26.1
,,,2020,29.3
,,,2021,29
,,,2022,29.3
,,,2023,25.3
,80 to 84 years,Males,2014,73.8
,,,2015,70.8
,,,2016,67.3
,,,2017,71.6
,,,2018,64.5
,,,2019,66.1
,,,2020,68.1
,,,2021,64.8
,,,2022,67.3
,,,2023,65
,,Females,2014,48.7
,,,2015,51.8
,,,2016,44.2
,,,2017,48.6
,,,2018,46.7
,,,2019,48.5
,,,2020,48.6
,,,2021,40.5
,,,2022,44
,,,2023,44.3
,85 to 89 years,Males,2014,127.3
,,,2015,125.8
,,,2016,113.7
,,,2017,120.2
,,,2018,117.2
,,,2019,109.1
,,,2020,115.2
,,,2021,105.1
,,,2022,130.3
,,,2023,111.6
,,Females,2014,85.7
,,,2015,88.1
,,,2016,81.2
,,,2017,83.1
,,,2018,81.6
,,,2019,85
,,,2020,85.7
,,,2021,76.3
,,,2022,85.6
,,,2023,83
,90 years and over,Males,2014,243.8
,,,2015,224.7
,,,2016,227.5
,,,2017,239
,,,2018,216.8
,,,2019,225.8
,,,2020,222.1
,,,2021,223.1
,,,2022,252.3
,,,2023,258.2
,,Females,2014,188.2
,,,2015,189
,,,2016,182.7
,,,2017,187.1
,,,2018,193.6
,,,2019,182.2
,,,2020,193.5
,,,2021,175.6
,,,2022,195.3
,,,2023,191.2
Saskatchewan,0 years,Males,2014,6.4
,,,2015,6.5
,,,2016,5.9
,,,2017,7.5
,,,2018,5.4
,,,2019,6
,,,2020,7.6
,,,2021,6.5
,,,2022,5.7
,,,2023,7.3
,,Females,2014,5.3
,,,2015,4
,,,2016,5.9
,,,2017,5.7
,,,2018,5.2
,,,2019,5.5
,,,2020,6
,,,2021,5.7
,,,2022,4.2
,,,2023,4.6
,1 to 4 years,Males,2014,0.4
,,,2015,0.4
,,,2016,0.4
,,,2017,0.2
,,,2018,0.3
,,,2019,0.4
,,,2020,0.4
,,,2021,0.2
,,,2022,0.5
,,,2023,0.3
,,Females,2014,0.3
,,,2015,0.3
,,,2016,0.3
,,,2017,0.2
,,,2018,0.5
,,,2019,0.2
,,,2020,0.4
,,,2021,0.2
,,,2022,0.4
,,,2023,0.3
,5 to 9 years,Males,2014,0.2
,,,2015,0.2
,,,2016,0.2
,,,2017,0.2
,,,2018,0.1
,,,2019,0
,,,2020,0.2
,,,2021,0
,,,2022,0.3
,,,2023,0.2
,,Females,2014,0.1
,,,2015,0.1
,,,2016,0.2
,,,2017,0.1
,,,2018,0.1
,,,2019,0.1
,,,2020,0.1
,,,2021,0.1
,,,2022,0.2
,,,2023,0.2
,10 to 14 years,Males,2014,0.2
,,,2015,0.2
,,,2016,0.3
,,,2017,0.2
,,,2018,0.1
,,,2019,0.2
,,,2020,0.3
,,,2021,0.2
,,,2022,0.2
,,,2023,0.2
,,Females,2014,0.3
,,,2015,0.1
,,,2016,0.3
,,,2017,0
,,,2018,0.3
,,,2019,0.2
,,,2020,0.2
,,,2021,0.1
,,,2022,0.1
,,,2023,0.2
,15 to 19 years,Males,2014,0.7
,,,2015,1.3
,,,2016,0.6
,,,2017,1
,,,2018,1.1
,,,2019,0.9
,,,2020,1.2
,,,2021,0.8
,,,2022,0.8
,,,2023,0.7
,,Females,2014,0.4
,,,2015,0.4
,,,2016,0.3
,,,2017,0.6
,,,2018,0.5
,,,2019,0.7
,,,2020,0.6
,,,2021,0.6
,,,2022,0.6
,,,2023,0.8
,20 to 24 years,Males,2014,1
,,,2015,1.7
,,,2016,1.2
,,,2017,1.5
,,,2018,1.4
,,,2019,1.2
,,,2020,1.8
,,,2021,1.1
,,,2022,1.5
,,,2023,1.4
,,Females,2014,0.5
,,,2015,0.4
,,,2016,0.6
,,,2017,0.7
,,,2018,0.5
,,,2019,0.8
,,,2020,1
,,,2021,1.2
,,,2022,1.5
,,,2023,1.1
,25 to 29 years,Males,2014,1.3
,,,2015,1
,,,2016,1.3
,,,2017,1.1
,,,2018,1.6
,,,2019,1.6
,,,2020,1.9
,,,2021,2.5
,,,2022,2.2
,,,2023,2.1
,,Females,2014,0.8
,,,2015,0.7
,,,2016,0.7
,,,2017,1.1
,,,2018,0.7
,,,2019,0.6
,,,2020,1.1
,,,2021,1.8
,,,2022,1.5
,,,2023,1.3
,30 to 34 years,Males,2014,1.2
,,,2015,1.2
,,,2016,1.5
,,,2017,1.4
,,,2018,1.4
,,,2019,1.8
,,,2020,2.2
,,,2021,2.3
,,,2022,2.5
,,,2023,2.4
,,Females,2014,0.6
,,,2015,0.8
,,,2016,0.8
,,,2017,0.7
,,,2018,1
,,,2019,0.8
,,,2020,1.1
,,,2021,1.3
,,,2022,1.5
,,,2023,1.7
,35 to 39 years,Males,2014,2.1
,,,2015,1.2
,,,2016,1.5
,,,2017,1.3
,,,2018,1.5
,,,2019,1.9
,,,2020,2.1
,,,2021,2.7
,,,2022,2.2
,,,2023,3
,,Females,2014,1.3
,,,2015,1.2
,,,2016,1.3
,,,2017,1
,,,2018,1.1
,,,2019,1.2
,,,2020,1.3
,,,2021,1.5
,,,2022,1.3
,,,2023,1.6
,40 to 44 years,Males,2014,2.2
,,,2015,2.3
,,,2016,2
,,,2017,2
,,,2018,2.4
,,,2019,2.1
,,,2020,2.4
,,,2021,3.6
,,,2022,3
,,,2023,3
,,Females,2014,1.2
,,,2015,1.4
,,,2016,1.8
,,,2017,1.5
,,,2018,1.3
,,,2019,1.5
,,,2020,1.2
,,,2021,2
,,,2022,2.1
,,,2023,1.8
,45 to 49 years,Males,2014,2.9
,,,2015,3.5
,,,2016,3.2
,,,2017,3.5
,,,2018,2.9
,,,2019,2.7
,,,2020,4
,,,2021,5.1
,,,2022,4.4
,,,2023,3.6
,,Females,2014,2.1
,,,2015,2.2
,,,2016,2.1
,,,2017,1.9
,,,2018,2.6
,,,2019,1.7
,,,2020,2.4
,,,2021,2.7
,,,2022,2.6
,,,2023,2.5
,50 to 54 years,Males,2014,4.3
,,,2015,4.7
,,,2016,4.5
,,,2017,4.5
,,,2018,5
,,,2019,4.7
,,,2020,5.2
,,,2021,7.1
,,,2022,5.5
,,,2023,6.1
,,Females,2014,2.8
,,,2015,3.1
,,,2016,3.2
,,,2017,2.8
,,,2018,2.9
,,,2019,2.8
,,,2020,3.2
,,,2021,3.9
,,,2022,3.6
,,,2023,3.8
,55 to 59 years,Males,2014,6.7
,,,2015,6.8
,,,2016,6.5
,,,2017,6
,,,2018,6.9
,,,2019,6.2
,,,2020,8.3
,,,2021,8.1
,,,2022,8.6
,,,2023,7.7
,,Females,2014,4.3
,,,2015,4.6
,,,2016,3.9
,,,2017,3.9
,,,2018,4.6
,,,2019,4.2
,,,2020,4.9
,,,2021,5.4
,,,2022,4.6
,,,2023,5.2
,60 to 64 years,Males,2014,9.9
,,,2015,10.7
,,,2016,10.2
,,,2017,9.6
,,,2018,10.6
,,,2019,10.1
,,,2020,10.5
,,,2021,11.1
,,,2022,11.5
,,,2023,10.5
,,Females,2014,6.6
,,,2015,6.4
,,,2016,6.1
,,,2017,6.8
,,,2018,6.1
,,,2019,6.2
,,,2020,6.6
,,,2021,7.2
,,,2022,7.6
,,,2023,7.1
,65 to 69 years,Males,2014,18
,,,2015,15.1
,,,2016,16.1
,,,2017,17.1
,,,2018,15.7
,,,2019,13.7
,,,2020,15.6
,,,2021,15.4
,,,2022,16.1
,,,2023,14.8
,,Females,2014,10
,,,2015,11.1
,,,2016,9.8
,,,2017,9.4
,,,2018,10.2
,,,2019,10.5
,,,2020,10
,,,2021,10.3
,,,2022,9.6
,,,2023,10.2
,70 to 74 years,Males,2014,25.6
,,,2015,24.9
,,,2016,25.9
,,,2017,26.6
,,,2018,24.2
,,,2019,23.9
,,,2020,23.4
,,,2021,26.5
,,,2022,24.3
,,,2023,24.4
,,Females,2014,17.3
,,,2015,17
,,,2016,16.5
,,,2017,16
,,,2018,16.1
,,,2019,15.8
,,,2020,17.2
,,,2021,17.6
,,,2022,17.2
,,,2023,16.2
,75 to 79 years,Males,2014,41.1
,,,2015,42
,,,2016,37.2
,,,2017,39.7
,,,2018,38.6
,,,2019,36.7
,,,2020,37.3
,,,2021,43.5
,,,2022,42.4
,,,2023,38.7
,,Females,2014,26.2
,,,2015,27.6
,,,2016,25
,,,2017,28
,,,2018,26.9
,,,2019,24.4
,,,2020,22.8
,,,2021,28.7
,,,2022,29.2
,,,2023,26.3
,80 to 84 years,Males,2014,70.4
,,,2015,70.5
,,,2016,71.7
,,,2017,68.3
,,,2018,68.4
,,,2019,67.3
,,,2020,68
,,,2021,67.4
,,,2022,69.6
,,,2023,64.7
,,Females,2014,44.1
,,,2015,43.9
,,,2016,44.5
,,,2017,46.4
,,,2018,45.8
,,,2019,44.6
,,,2020,45
,,,2021,44.5
,,,2022,48.6
,,,2023,44.6
,85 to 89 years,Males,2014,116.3
,,,2015,120.6
,,,2016,120.1
,,,2017,109.4
,,,2018,111.8
,,,2019,116.1
,,,2020,122.3
,,,2021,119.4
,,,2022,128.3
,,,2023,124.5
,,Females,2014,85.7
,,,2015,79.8
,,,2016,79.7
,,,2017,74.5
,,,2018,75.4
,,,2019,74.7
,,,2020,80.2
,,,2021,84.8
,,,2022,81.2
,,,2023,79.5
,90 years and over,Males,2014,233.1
,,,2015,215.1
,,,2016,209.3
,,,2017,222.8
,,,2018,220.3
,,,2019,223.4
,,,2020,213.8
,,,2021,232.5
,,,2022,269.7
,,,2023,233
,,Females,2014,189.7
,,,2015,179.6
,,,2016,187.9
,,,2017,175.7
,,,2018,184.3
,,,2019,173.6
,,,2020,180.4
,,,2021,188.4
,,,2022,214
,,,2023,198.7
Alberta,0 years,Males,2014,5.2
,,,2015,5.1
,,,2016,4.5
,,,2017,5.1
,,,2018,6.2
,,,2019,5.2
,,,2020,5.4
,,,2021,5.3
,,,2022,5.6
,,,2023,5
,,Females,2014,4.9
,,,2015,4.3
,,,2016,4.3
,,,2017,4.7
,,,2018,5
,,,2019,3.7
,,,2020,4.8
,,,2021,4
,,,2022,5.3
,,,2023,4.9
,1 to 4 years,Males,2014,0.2
,,,2015,0.3
,,,2016,0.2
,,,2017,0.2
,,,2018,0.2
,,,2019,0.2
,,,2020,0.1
,,,2021,0.2
,,,2022,0.2
,,,2023,0.3
,,Females,2014,0.2
,,,2015,0.2
,,,2016,0.2
,,,2017,0.2
,,,2018,0.1
,,,2019,0.1
,,,2020,0.1
,,,2021,0.2
,,,2022,0.2
,,,2023,0.3
,5 to 9 years,Males,2014,0.1
,,,2015,0.1
,,,2016,0.1
,,,2017,0.1
,,,2018,0.1
,,,2019,0.1
,,,2020,0.1
,,,2021,0.1
,,,2022,0.1
,,,2023,0.1
,,Females,2014,0.1
,,,2015,0.1
,,,2016,0.1
,,,2017,0.1
,,,2018,0.1
,,,2019,0
,,,2020,0.1
,,,2021,0.1
,,,2022,0.1
,,,2023,0.1
,10 to 14 years,Males,2014,0.1
,,,2015,0.2
,,,2016,0.2
,,,2017,0.1
,,,2018,0.1
,,,2019,0.1
,,,2020,0.2
,,,2021,0.1
,,,2022,0.1
,,,2023,0.2
,,Females,2014,0.2
,,,2015,0.1
,,,2016,0.1
,,,2017,0.1
,,,2018,0.1
,,,2019,0.1
,,,2020,0.1
,,,2021,0.1
,,,2022,0.2
,,,2023,0.1
,15 to 19 years,Males,2014,0.8
,,,2015,0.6
,,,2016,0.6
,,,2017,0.7
,,,2018,0.6
,,,2019,0.5
,,,2020,0.6
,,,2021,0.7
,,,2022,0.6
,,,2023,0.6
,,Females,2014,0.3
,,,2015,0.3
,,,2016,0.3
,,,2017,0.3
,,,2018,0.3
,,,2019,0.2
,,,2020,0.4
,,,2021,0.3
,,,2022,0.5
,,,2023,0.3
,20 to 24 years,Males,2014,1.1
,,,2015,1
,,,2016,1.1
,,,2017,1
,,,2018,1.1
,,,2019,0.9
,,,2020,1.1
,,,2021,1.3
,,,2022,1.2
,,,2023,1.1
,,Females,2014,0.4
,,,2015,0.6
,,,2016,0.5
,,,2017,0.5
,,,2018,0.6
,,,2019,0.5
,,,2020,0.6
,,,2021,0.7
,,,2022,0.8
,,,2023,0.7
,25 to 29 years,Males,2014,1
,,,2015,1.2
,,,2016,1.2
,,,2017,1.3
,,,2018,1.5
,,,2019,1.1
,,,2020,1.7
,,,2021,1.8
,,,2022,1.9
,,,2023,1.7
,,Females,2014,0.5
,,,2015,0.4
,,,2016,0.5
,,,2017,0.6
,,,2018,0.6
,,,2019,0.5
,,,2020,0.6
,,,2021,0.8
,,,2022,0.7
,,,2023,1
,30 to 34 years,Males,2014,0.9
,,,2015,1.4
,,,2016,1.4
,,,2017,1.6
,,,2018,1.4
,,,2019,1.2
,,,2020,1.8
,,,2021,2.1
,,,2022,2
,,,2023,2.1
,,Females,2014,0.6
,,,2015,0.5
,,,2016,0.5
,,,2017,0.7
,,,2018,0.6
,,,2019,0.5
,,,2020,0.7
,,,2021,0.9
,,,2022,1
,,,2023,1.2
,35 to 39 years,Males,2014,1.3
,,,2015,1.3
,,,2016,1.5
,,,2017,1.7
,,,2018,1.6
,,,2019,1.5
,,,2020,2
,,,2021,2.5
,,,2022,2.3
,,,2023,2.5
,,Females,2014,0.8
,,,2015,0.8
,,,2016,0.7
,,,2017,0.7
,,,2018,0.7
,,,2019,0.7
,,,2020,0.9
,,,2021,1.2
,,,2022,1.1
,,,2023,1.2
,40 to 44 years,Males,2014,1.7
,,,2015,2
,,,2016,1.6
,,,2017,1.8
,,,2018,1.6
,,,2019,1.8
,,,2020,2.4
,,,2021,2.6
,,,2022,2.6
,,,2023,2.7
,,Females,2014,1
,,,2015,1.1
,,,2016,1.2
,,,2017,1
,,,2018,1.1
,,,2019,1
,,,2020,1.2
,,,2021,1.4
,,,2022,1.3
,,,2023,1.2
,45 to 49 years,Males,2014,2.7
,,,2015,2.6
,,,2016,2.6
,,,2017,2.4
,,,2018,2.7
,,,2019,2.5
,,,2020,3
,,,2021,3.3
,,,2022,3.3
,,,2023,3.1
,,Females,2014,1.6
,,,2015,1.4
,,,2016,1.5
,,,2017,1.7
,,,2018,1.4
,,,2019,1.6
,,,2020,1.8
,,,2021,1.9
,,,2022,1.9
,,,2023,1.7
,50 to 54 years,Males,2014,3.7
,,,2015,3.9
,,,2016,3.9
,,,2017,3.8
,,,2018,4.2
,,,2019,3.6
,,,2020,4.4
,,,2021,5.1
,,,2022,4.2
,,,2023,4.2
,,Females,2014,2.6
,,,2015,2.6
,,,2016,2.9
,,,2017,2.5
,,,2018,2.3
,,,2019,2.4
,,,2020,2.8
,,,2021,2.6
,,,2022,2.7
,,,2023,2.5
,55 to 59 years,Males,2014,6
,,,2015,5.8
,,,2016,6.1
,,,2017,6.1
,,,2018,6.2
,,,2019,5.7
,,,2020,6.7
,,,2021,7.7
,,,2022,6.7
,,,2023,6.5
,,Females,2014,3.9
,,,2015,3.7
,,,2016,3.8
,,,2017,3.7
,,,2018,3.9
,,,2019,3.7
,,,2020,3.6
,,,2021,4.1
,,,2022,4
,,,2023,3.9
,60 to 64 years,Males,2014,9
,,,2015,9.4
,,,2016,9.2
,,,2017,9.1
,,,2018,8.8
,,,2019,9.1
,,,2020,9.4
,,,2021,10.5
,,,2022,10
,,,2023,10.1
,,Females,2014,5.8
,,,2015,5.7
,,,2016,5.5
,,,2017,5.5
,,,2018,5.3
,,,2019,5.5
,,,2020,6.1
,,,2021,6.1
,,,2022,6.7
,,,2023,6
,65 to 69 years,Males,2014,14
,,,2015,14
,,,2016,13.9
,,,2017,13.9
,,,2018,13.9
,,,2019,12.9
,,,2020,14.4
,,,2021,15.4
,,,2022,14.7
,,,2023,14.3
,,Females,2014,9.4
,,,2015,9.1
,,,2016,9.5
,,,2017,8.8
,,,2018,8.6
,,,2019,8.5
,,,2020,9.2
,,,2021,9.1
,,,2022,9
,,,2023,8.9
,70 to 74 years,Males,2014,22.1
,,,2015,22.3
,,,2016,22
,,,2017,22.9
,,,2018,22.3
,,,2019,19.8
,,,2020,21.9
,,,2021,22.9
,,,2022,23.6
,,,2023,21.9
,,Females,2014,15.4
,,,2015,14.1
,,,2016,14.4
,,,2017,14.6
,,,2018,13.3
,,,2019,14.3
,,,2020,13.8
,,,2021,15.2
,,,2022,15.2
,,,2023,14.1
,75 to 79 years,Males,2014,36.5
,,,2015,36.5
,,,2016,37
,,,2017,35.5
,,,2018,35.2
,,,2019,34.4
,,,2020,35.6
,,,2021,35
,,,2022,37.1
,,,2023,33.8
,,Females,2014,24.5
,,,2015,24.7
,,,2016,24.5
,,,2017,23.6
,,,2018,24.4
,,,2019,24.2
,,,2020,24.3
,,,2021,25.2
,,,2022,26.2
,,,2023,24.1
,80 to 84 years,Males,2014,64.8
,,,2015,63.7
,,,2016,61.2
,,,2017,60.6
,,,2018,59.5
,,,2019,58.7
,,,2020,60.1
,,,2021,65.4
,,,2022,63.3
,,,2023,59.3
,,Females,2014,43.4
,,,2015,44.2
,,,2016,42.2
,,,2017,40.8
,,,2018,40
,,,2019,41.1
,,,2020,43.4
,,,2021,40.6
,,,2022,44.2
,,,2023,42.4
,85 to 89 years,Males,2014,108.4
,,,2015,109.4
,,,2016,108.2
,,,2017,108.4
,,,2018,106.5
,,,2019,105.6
,,,2020,110.7
,,,2021,111.5
,,,2022,116.6
,,,2023,106.7
,,Females,2014,80.9
,,,2015,79.7
,,,2016,76.4
,,,2017,78.8
,,,2018,78.1
,,,2019,72.8
,,,2020,78
,,,2021,75.7
,,,2022,86.1
,,,2023,80.4
,90 years and over,Males,2014,220.9
,,,2015,218.4
,,,2016,219
,,,2017,221.3
,,,2018,217.9
,,,2019,209.4
,,,2020,226.2
,,,2021,234.2
,,,2022,247.6
,,,2023,222.3
,,Females,2014,184.5
,,,2015,175.4
,,,2016,180.6
,,,2017,188.1
,,,2018,181.8
,,,2019,181.4
,,,2020,187.4
,,,2021,189.1
,,,2022,199.5
,,,2023,184.5
British Columbia,0 years,Males,2014,4.8
,,,2015,3.1
,,,2016,2.6
,,,2017,3.1
,,,2018,4.2
,,,2019,3.7
,,,2020,3.9
,,,2021,3.6
,,,2022,3.8
,,,2023,4.5
,,Females,2014,3.7
,,,2015,3.5
,,,2016,4.4
,,,2017,3
,,,2018,3.8
,,,2019,2.9
,,,2020,3.3
,,,2021,3.4
,,,2022,4
,,,2023,3.1
,1 to 4 years,Males,2014,0.1
,,,2015,0.1
,,,2016,0.2
,,,2017,0.2
,,,2018,0.1
,,,2019,0.1
,,,2020,0.1
,,,2021,0.1
,,,2022,0.2
,,,2023,0.2
,,Females,2014,0.2
,,,2015,0.2
,,,2016,0.2
,,,2017,0.1
,,,2018,0.2
,,,2019,0.2
,,,2020,0.1
,,,2021,0.1
,,,2022,0.1
,,,2023,0.1
,5 to 9 years,Males,2014,0.1
,,,2015,0.1
,,,2016,0.1
,,,2017,0.1
,,,2018,0.1
,,,2019,0.1
,,,2020,0.1
,,,2021,0.1
,,,2022,0
,,,2023,0.1
,,Females,2014,0.1
,,,2015,0.1
,,,2016,0.1
,,,2017,0.1
,,,2018,0.1
,,,2019,0.1
,,,2020,0.1
,,,2021,0.1
,,,2022,0.1
,,,2023,0.1
,10 to 14 years,Males,2014,0.1
,,,2015,0.1
,,,2016,0.1
,,,2017,0.1
,,,2018,0.1
,,,2019,0.1
,,,2020,0
,,,2021,0.1
,,,2022,0.2
,,,2023,0.1
,,Females,2014,0
,,,2015,0
,,,2016,0.1
,,,2017,0.1
,,,2018,0.1
,,,2019,0.1
,,,2020,0.1
,,,2021,0.1
,,,2022,0.1
,,,2023,0.1
,15 to 19 years,Males,2014,0.5
,,,2015,0.4
,,,2016,0.5
,,,2017,0.5
,,,2018,0.6
,,,2019,0.4
,,,2020,0.4
,,,2021,0.5
,,,2022,0.6
,,,2023,0.5
,,Females,2014,0.2
,,,2015,0.2
,,,2016,0.3
,,,2017,0.4
,,,2018,0.2
,,,2019,0.3
,,,2020,0.3
,,,2021,0.4
,,,2022,0.4
,,,2023,0.3
,20 to 24 years,Males,2014,0.6
,,,2015,0.7
,,,2016,0.9
,,,2017,1
,,,2018,1.1
,,,2019,0.9
,,,2020,1.1
,,,2021,1
,,,2022,0.9
,,,2023,0.9
,,Females,2014,0.3
,,,2015,0.3
,,,2016,0.4
,,,2017,0.4
,,,2018,0.5
,,,2019,0.3
,,,2020,0.4
,,,2021,0.5
,,,2022,0.4
,,,2023,0.5
,25 to 29 years,Males,2014,0.9
,,,2015,1.1
,,,2016,1.2
,,,2017,1.5
,,,2018,1.4
,,,2019,1.1
,,,2020,1.5
,,,2021,1.5
,,,2022,1.4
,,,2023,1.3
,,Females,2014,0.4
,,,2015,0.3
,,,2016,0.4
,,,2017,0.5
,,,2018,0.5
,,,2019,0.5
,,,2020,0.5
,,,2021,0.6
,,,2022,0.6
,,,2023,0.6
,30 to 34 years,Males,2014,1
,,,2015,1.1
,,,2016,1.4
,,,2017,1.7
,,,2018,1.5
,,,2019,1.4
,,,2020,1.7
,,,2021,1.8
,,,2022,1.8
,,,2023,1.8
,,Females,2014,0.5
,,,2015,0.4
,,,2016,0.5
,,,2017,0.6
,,,2018,0.6
,,,2019,0.5
,,,2020,0.6
,,,2021,0.7
,,,2022,0.7
,,,2023,0.7
,35 to 39 years,Males,2014,1.1
,,,2015,1.3
,,,2016,1.4
,,,2017,1.8
,,,2018,1.9
,,,2019,1.5
,,,2020,2
,,,2021,2.4
,,,2022,2.3
,,,2023,2.1
,,Females,2014,0.6
,,,2015,0.5
,,,2016,0.7
,,,2017,0.7
,,,2018,0.9
,,,2019,0.8
,,,2020,0.9
,,,2021,1.1
,,,2022,0.9
,,,2023,0.9
,40 to 44 years,Males,2014,1.4
,,,2015,1.4
,,,2016,1.9
,,,2017,2
,,,2018,2.2
,,,2019,1.7
,,,2020,2.5
,,,2021,3
,,,2022,2.8
,,,2023,2.7
,,Females,2014,1
,,,2015,0.8
,,,2016,0.8
,,,2017,0.9
,,,2018,0.9
,,,2019,0.9
,,,2020,1
,,,2021,1.2
,,,2022,1.2
,,,2023,1.2
,45 to 49 years,Males,2014,2.3
,,,2015,2.3
,,,2016,2.5
,,,2017,2.9
,,,2018,2.7
,,,2019,2.5
,,,2020,3.2
,,,2021,3.5
,,,2022,3.1
,,,2023,3.1
,,Females,2014,1.3
,,,2015,1.2
,,,2016,1.4
,,,2017,1.5
,,,2018,1.3
,,,2019,1.6
,,,2020,1.5
,,,2021,1.6
,,,2022,1.5
,,,2023,1.7
,50 to 54 years,Males,2014,3.4
,,,2015,3.4
,,,2016,3.6
,,,2017,4
,,,2018,4
,,,2019,3.7
,,,2020,4.2
,,,2021,5.4
,,,2022,4.8
,,,2023,4.8
,,Females,2014,2.2
,,,2015,1.9
,,,2016,2.3
,,,2017,2.3
,,,2018,2.1
,,,2019,2
,,,2020,2.1
,,,2021,2.3
,,,2022,2.2
,,,2023,2.3
,55 to 59 years,Males,2014,5.8
,,,2015,5.6
,,,2016,5.4
,,,2017,5.7
,,,2018,6
,,,2019,5.4
,,,2020,6.5
,,,2021,6.9
,,,2022,6.7
,,,2023,6.6
,,Females,2014,3
,,,2015,3.3
,,,2016,3.6
,,,2017,3.3
,,,2018,3.2
,,,2019,3.2
,,,2020,3.4
,,,2021,3.7
,,,2022,3.5
,,,2023,3.3
,60 to 64 years,Males,2014,8.7
,,,2015,8.5
,,,2016,8.6
,,,2017,8.8
,,,2018,9
,,,2019,8
,,,2020,9.2
,,,2021,10.1
,,,2022,10
,,,2023,9.2
,,Females,2014,4.9
,,,2015,5.4
,,,2016,5.2
,,,2017,4.8
,,,2018,5.1
,,,2019,4.9
,,,2020,4.7
,,,2021,5.2
,,,2022,5.3
,,,2023,5.1
,65 to 69 years,Males,2014,12.2
,,,2015,12.1
,,,2016,13.8
,,,2017,13.2
,,,2018,12.6
,,,2019,12.7
,,,2020,13.1
,,,2021,14.5
,,,2022,14
,,,2023,13.6
,,Females,2014,8.2
,,,2015,7.8
,,,2016,7.8
,,,2017,7.7
,,,2018,7.4
,,,2019,7.2
,,,2020,7.1
,,,2021,8.1
,,,2022,8.1
,,,2023,7.5
,70 to 74 years,Males,2014,21.2
,,,2015,19.7
,,,2016,19.3
,,,2017,20
,,,2018,19.5
,,,2019,18.8
,,,2020,19.4
,,,2021,20.9
,,,2022,20.6
,,,2023,19
,,Females,2014,12.9
,,,2015,13.7
,,,2016,13
,,,2017,13.1
,,,2018,12
,,,2019,11.8
,,,2020,12
,,,2021,13
,,,2022,12.4
,,,2023,12.3
,75 to 79 years,Males,2014,32.9
,,,2015,32.1
,,,2016,33.2
,,,2017,32.9
,,,2018,31.8
,,,2019,31
,,,2020,31.7
,,,2021,33.1
,,,2022,33.5
,,,2023,31.1
,,Females,2014,22.2
,,,2015,22.9
,,,2016,22.6
,,,2017,22.3
,,,2018,21.5
,,,2019,22.1
,,,2020,21.5
,,,2021,23.2
,,,2022,22
,,,2023,20.7
,80 to 84 years,Males,2014,56
,,,2015,57.8
,,,2016,57.7
,,,2017,57.5
,,,2018,54.8
,,,2019,54.2
,,,2020,58.5
,,,2021,58.4
,,,2022,57.6
,,,2023,54.7
,,Females,2014,41.6
,,,2015,42.1
,,,2016,40.1
,,,2017,39.3
,,,2018,38.9
,,,2019,38.5
,,,2020,39.2
,,,2021,41.4
,,,2022,40.3
,,,2023,38.2
,85 to 89 years,Males,2014,104.9
,,,2015,109.2
,,,2016,101.6
,,,2017,110
,,,2018,104.2
,,,2019,101.6
,,,2020,101
,,,2021,102.7
,,,2022,108.2
,,,2023,102
,,Females,2014,78
,,,2015,78.2
,,,2016,76.9
,,,2017,79.3
,,,2018,76.5
,,,2019,74.8
,,,2020,73.9
,,,2021,76.4
,,,2022,76.2
,,,2023,74.4
,90 years and over,Males,2014,198.5
,,,2015,210.4
,,,2016,217.3
,,,2017,216.2
,,,2018,200.1
,,,2019,199.8
,,,2020,212.8
,,,2021,207.2
,,,2022,232.3
,,,2023,209.7
,,Females,2014,169.6
,,,2015,177.5
,,,2016,176.6
,,,2017,185.5
,,,2018,179.7
,,,2019,178.6
,,,2020,177.8
,,,2021,179.1
,,,2022,190.3
,,,2023,178.6
Yukon,0 years,Males,2014,8.7
,,,2015,9
,,,2016,4.4
,,,2017,..
,,,2018,..
,,,2019,..
,,,2020,..
,,,2021,..
,,,2022,..
,,,2023,4.7
,,Females,2014,0
,,,2015,9.7
,,,2016,8.9
,,,2017,..
,,,2018,..
,,,2019,..
,,,2020,..
,,,2021,..
,,,2022,..
,,,2023,0
,1 to 4 years,Males,2014,0
,,,2015,0
,,,2016,0
,,,2017,..
,,,2018,..
,,,2019,..
,,,2020,..
,,,2021,..
,,,2022,..
,,,2023,1.1
,,Females,2014,0
,,,2015,0
,,,2016,0
,,,2017,..
,,,2018,..
,,,2019,..
,,,2020,..
,,,2021,..
,,,2022,..
,,,2023,0
,5 to 9 years,Males,2014,0
,,,2015,0
,,,2016,0
,,,2017,..
,,,2018,..
,,,2019,..
,,,2020,..
,,,2021,..
,,,2022,..
,,,2023,0
,,Females,2014,0
,,,2015,0
,,,2016,0
,,,2017,..
,,,2018,..
,,,2019,..
,,,2020,..
,,,2021,..
,,,2022,..
,,,2023,0
,10 to 14 years,Males,2014,0
,,,2015,0
,,,2016,0.9
,,,2017,..
,,,2018,..
,,,2019,..
,,,2020,..
,,,2021,..
,,,2022,..
,,,2023,0
,,Females,2014,0
,,,2015,0
,,,2016,0
,,,2017,..
,,,2018,..
,,,2019,..
,,,2020,..
,,,2021,..
,,,2022,..
,,,2023,0
,15 to 19 years,Males,2014,0.9
,,,2015,1.9
,,,2016,0.9
,,,2017,..
,,,2018,..
,,,2019,..
,,,2020,..
,,,2021,..
,,,2022,..
,,,2023,0
,,Females,2014,1
,,,2015,0
,,,2016,1
,,,2017,..
,,,2018,..
,,,2019,..
,,,2020,..
,,,2021,..
,,,2022,..
,,,2023,0.9
,20 to 24 years,Males,2014,4.5
,,,2015,0.8
,,,2016,1.7
,,,2017,..
,,,2018,..
,,,2019,..
,,,2020,..
,,,2021,..
,,,2022,..
,,,2023,2.2
,,Females,2014,0
,,,2015,1.9
,,,2016,0
,,,2017,..
,,,2018,..
,,,2019,..
,,,2020,..
,,,2021,..
,,,2022,..
,,,2023,0.8
,25 to 29 years,Males,2014,0.7
,,,2015,2.9
,,,2016,3.4
,,,2017,..
,,,2018,..
,,,2019,..
,,,2020,..
,,,2021,..
,,,2022,..
,,,2023,3.9
,,Females,2014,0.7
,,,2015,0
,,,2016,2.1
,,,2017,..
,,,2018,..
,,,2019,..
,,,2020,..
,,,2021,..
,,,2022,..
,,,2023,1.1
,30 to 34 years,Males,2014,2.7
,,,2015,3.9
,,,2016,1.9
,,,2017,..
,,,2018,..
,,,2019,..
,,,2020,..
,,,2021,..
,,,2022,..
,,,2023,2
,,Females,2014,1.4
,,,2015,0
,,,2016,0.6
,,,2017,..
,,,2018,..
,,,2019,..
,,,2020,..
,,,2021,..
,,,2022,..
,,,2023,3.8
,35 to 39 years,Males,2014,4.8
,,,2015,0.8
,,,2016,1.5
,,,2017,..
,,,2018,..
,,,2019,..
,,,2020,..
,,,2021,..
,,,2022,..
,,,2023,2.5
,,Females,2014,0
,,,2015,0
,,,2016,0
,,,2017,..
,,,2018,..
,,,2019,..
,,,2020,..
,,,2021,..
,,,2022,..
,,,2023,0.5
,40 to 44 years,Males,2014,1.5
,,,2015,0.8
,,,2016,3.1
,,,2017,..
,,,2018,..
,,,2019,..
,,,2020,..
,,,2021,..
,,,2022,..
,,,2023,2.9
,,Females,2014,0.7
,,,2015,2.1
,,,2016,0.7
,,,2017,..
,,,2018,..
,,,2019,..
,,,2020,..
,,,2021,..
,,,2022,..
,,,2023,3.5
,45 to 49 years,Males,2014,3.7
,,,2015,2.2
,,,2016,5
,,,2017,..
,,,2018,..
,,,2019,..
,,,2020,..
,,,2021,..
,,,2022,..
,,,2023,2.8
,,Females,2014,2.1
,,,2015,1.5
,,,2016,2.2
,,,2017,..
,,,2018,..
,,,2019,..
,,,2020,..
,,,2021,..
,,,2022,..
,,,2023,2
,50 to 54 years,Males,2014,1.8
,,,2015,4.3
,,,2016,5.7
,,,2017,..
,,,2018,..
,,,2019,..
,,,2020,..
,,,2021,..
,,,2022,..
,,,2023,5.9
,,Females,2014,2.9
,,,2015,1.8
,,,2016,1.9
,,,2017,..
,,,2018,..
,,,2019,..
,,,2020,..
,,,2021,..
,,,2022,..
,,,2023,2.1
,55 to 59 years,Males,2014,7.4
,,,2015,4.2
,,,2016,6
,,,2017,..
,,,2018,..
,,,2019,..
,,,2020,..
,,,2021,..
,,,2022,..
,,,2023,3
,,Females,2014,3.5
,,,2015,6.1
,,,2016,3.8
,,,2017,..
,,,2018,..
,,,2019,..
,,,2020,..
,,,2021,..
,,,2022,..
,,,2023,9.5
,60 to 64 years,Males,2014,5.6
,,,2015,10.5
,,,2016,10.8
,,,2017,..
,,,2018,..
,,,2019,..
,,,2020,..
,,,2021,..
,,,2022,..
,,,2023,10.4
,,Females,2014,7.9
,,,2015,4.1
,,,2016,4
,,,2017,..
,,,2018,..
,,,2019,..
,,,2020,..
,,,2021,..
,,,2022,..
,,,2023,5.2
,65 to 69 years,Males,2014,16.6
,,,2015,15.2
,,,2016,14.2
,,,2017,..
,,,2018,..
,,,2019,..
,,,2020,..
,,,2021,..
,,,2022,..
,,,2023,15.6
,,Females,2014,10.5
,,,2015,17.3
,,,2016,8.1
,,,2017,..
,,,2018,..
,,,2019,..
,,,2020,..
,,,2021,..
,,,2022,..
,,,2023,13.1
,70 to 74 years,Males,2014,35.8
,,,2015,35
,,,2016,26.1
,,,2017,..
,,,2018,..
,,,2019,..
,,,2020,..
,,,2021,..
,,,2022,..
,,,2023,11.3
,,Females,2014,22
,,,2015,32.3
,,,2016,25.3
,,,2017,..
,,,2018,..
,,,2019,..
,,,2020,..
,,,2021,..
,,,2022,..
,,,2023,20.2
,75 to 79 years,Males,2014,47.8
,,,2015,28.7
,,,2016,44.5
,,,2017,..
,,,2018,..
,,,2019,..
,,,2020,..
,,,2021,..
,,,2022,..
,,,2023,50.9
,,Females,2014,22.7
,,,2015,30.4
,,,2016,24.8
,,,2017,..
,,,2018,..
,,,2019,..
,,,2020,..
,,,2021,..
,,,2022,..
,,,2023,44.6
,80 to 84 years,Males,2014,106
,,,2015,114.9
,,,2016,56.6
,,,2017,..
,,,2018,..
,,,2019,..
,,,2020,..
,,,2021,..
,,,2022,..
,,,2023,67.3
,,Females,2014,51
,,,2015,57.1
,,,2016,72.8
,,,2017,..
,,,2018,..
,,,2019,..
,,,2020,..
,,,2021,..
,,,2022,..
,,,2023,66.4
,85 to 89 years,Males,2014,102.6
,,,2015,154.8
,,,2016,89.9
,,,2017,..
,,,2018,..
,,,2019,..
,,,2020,..
,,,2021,..
,,,2022,..
,,,2023,147.3
,,Females,2014,88.6
,,,2015,73.7
,,,2016,112.1
,,,2017,..
,,,2018,..
,,,2019,..
,,,2020,..
,,,2021,..
,,,2022,..
,,,2023,121.6
,90 years and over,Males,2014,344.8
,,,2015,111.1
,,,2016,142.9
,,,2017,..
,,,2018,..
,,,2019,..
,,,2020,..
,,,2021,..
,,,2022,..
,,,2023,166.7
,,Females,2014,108.1
,,,2015,166.7
,,,2016,183.1
,,,2017,..
,,,2018,..
,,,2019,..
,,,2020,..
,,,2021,..
,,,2022,..
,,,2023,173.9
Northwest Territories 15,0 years,Males,2014,2.9
,,,2015,8.3
,,,2016,11.9
,,,2017,6.5
,,,2018,11.8
,,,2019,3.4
,,,2020,6.5
,,,2021,3.4
,,,2022,7.7
,,,2023,8.5
,,Females,2014,9.7
,,,2015,3.2
,,,2016,0
,,,2017,3.6
,,,2018,7.4
,,,2019,0
,,,2020,11.5
,,,2021,7.4
,,,2022,10.9
,,,2023,0
,1 to 4 years,Males,2014,1.6
,,,2015,0
,,,2016,0.7
,,,2017,0
,,,2018,0
,,,2019,0
,,,2020,0
,,,2021,0
,,,2022,0
,,,2023,0.9
,,Females,2014,0
,,,2015,0
,,,2016,0
,,,2017,0
,,,2018,0
,,,2019,0
,,,2020,0
,,,2021,0
,,,2022,0
,,,2023,0
,5 to 9 years,Males,2014,0
,,,2015,0.6
,,,2016,0
,,,2017,0
,,,2018,0
,,,2019,0
,,,2020,0
,,,2021,0
,,,2022,0
,,,2023,0
,,Females,2014,0
,,,2015,0
,,,2016,0
,,,2017,0
,,,2018,0
,,,2019,0
,,,2020,0.6
,,,2021,0
,,,2022,0
,,,2023,0.7
,10 to 14 years,Males,2014,0
,,,2015,0.7
,,,2016,0
,,,2017,0
,,,2018,0
,,,2019,0
,,,2020,0
,,,2021,0.7
,,,2022,0
,,,2023,0
,,Females,2014,0
,,,2015,0.7
,,,2016,0.7
,,,2017,0
,,,2018,0
,,,2019,0.7
,,,2020,0
,,,2021,0
,,,2022,0
,,,2023,0
,15 to 19 years,Males,2014,0
,,,2015,1.3
,,,2016,2
,,,2017,0
,,,2018,1.5
,,,2019,0.7
,,,2020,0
,,,2021,0
,,,2022,0.7
,,,2023,0.7
,,Females,2014,0.7
,,,2015,0
,,,2016,0
,,,2017,0.7
,,,2018,0
,,,2019,0.7
,,,2020,0.7
,,,2021,0
,,,2022,1.5
,,,2023,1.5
,20 to 24 years,Males,2014,4.3
,,,2015,1.7
,,,2016,1.7
,,,2017,1.1
,,,2018,0.6
,,,2019,1.8
,,,2020,1.2
,,,2021,1.2
,,,2022,5.5
,,,2023,0.7
,,Females,2014,2.3
,,,2015,1.2
,,,2016,2.6
,,,2017,0.7
,,,2018,0.7
,,,2019,0.7
,,,2020,2
,,,2021,0.7
,,,2022,1.4
,,,2023,1.4
,25 to 29 years,Males,2014,1
,,,2015,0.5
,,,2016,3
,,,2017,4
,,,2018,2.5
,,,2019,2
,,,2020,1
,,,2021,3.9
,,,2022,2.6
,,,2023,4.6
,,Females,2014,1.7
,,,2015,1.7
,,,2016,1.1
,,,2017,0
,,,2018,1.1
,,,2019,1.7
,,,2020,0.6
,,,2021,1.8
,,,2022,0.6
,,,2023,0.6
,30 to 34 years,Males,2014,1.1
,,,2015,1.1
,,,2016,1.1
,,,2017,1
,,,2018,4.2
,,,2019,1.6
,,,2020,4.2
,,,2021,3.6
,,,2022,6.1
,,,2023,4.5
,,Females,2014,1.6
,,,2015,1.1
,,,2016,1.1
,,,2017,0.5
,,,2018,1.1
,,,2019,0
,,,2020,1.1
,,,2021,0.5
,,,2022,2.1
,,,2023,1.6
,35 to 39 years,Males,2014,3.1
,,,2015,4.9
,,,2016,0
,,,2017,2.3
,,,2018,4.1
,,,2019,2.3
,,,2020,5.2
,,,2021,6.4
,,,2022,2.3
,,,2023,4
,,Females,2014,0
,,,2015,0.6
,,,2016,0
,,,2017,1.1
,,,2018,1.7
,,,2019,0.6
,,,2020,1.8
,,,2021,1.2
,,,2022,0
,,,2023,0.6
,40 to 44 years,Males,2014,1.2
,,,2015,4.5
,,,2016,2
,,,2017,4.8
,,,2018,2.7
,,,2019,1.9
,,,2020,4.3
,,,2021,2.4
,,,2022,3.7
,,,2023,1.2
,,Females,2014,0.6
,,,2015,4.6
,,,2016,0.6
,,,2017,1.9
,,,2018,2.6
,,,2019,1.2
,,,2020,3.5
,,,2021,1.2
,,,2022,1.9
,,,2023,0.6
,45 to 49 years,Males,2014,5.3
,,,2015,1.2
,,,2016,3.5
,,,2017,2.9
,,,2018,1.8
,,,2019,4.7
,,,2020,7
,,,2021,5.2
,,,2022,4.9
,,,2023,4.8
,,Females,2014,2.5
,,,2015,1.3
,,,2016,0.6
,,,2017,3.8
,,,2018,3.2
,,,2019,1.3
,,,2020,2.7
,,,2021,3.9
,,,2022,4.2
,,,2023,1.4
,50 to 54 years,Males,2014,5.6
,,,2015,5.4
,,,2016,3.2
,,,2017,3.9
,,,2018,2.9
,,,2019,5.3
,,,2020,3
,,,2021,4.4
,,,2022,5.6
,,,2023,5.1
,,Females,2014,2.4
,,,2015,2.8
,,,2016,2.3
,,,2017,3.5
,,,2018,4.7
,,,2019,3.7
,,,2020,4.9
,,,2021,6.3
,,,2022,2
,,,2023,4.1
,55 to 59 years,Males,2014,7.9
,,,2015,6.3
,,,2016,9.1
,,,2017,3.5
,,,2018,1.7
,,,2019,6.1
,,,2020,9.2
,,,2021,6.5
,,,2022,6.4
,,,2023,11
,,Females,2014,4.4
,,,2015,3.6
,,,2016,7
,,,2017,3.5
,,,2018,5.5
,,,2019,2.7
,,,2020,7.7
,,,2021,3.8
,,,2022,8.5
,,,2023,2.9
,60 to 64 years,Males,2014,19.5
,,,2015,6.2
,,,2016,7.7
,,,2017,12
,,,2018,10.7
,,,2019,14.4
,,,2020,10.4
,,,2021,14.8
,,,2022,9.1
,,,2023,11.5
,,Females,2014,4.5
,,,2015,3.1
,,,2016,7.7
,,,2017,9.8
,,,2018,6.1
,,,2019,9.3
,,,2020,7.6
,,,2021,11
,,,2022,8.9
,,,2023,9.5
,65 to 69 years,Males,2014,13.2
,,,2015,21.9
,,,2016,20.3
,,,2017,17.2
,,,2018,17.8
,,,2019,15.8
,,,2020,31.4
,,,2021,22.9
,,,2022,16.8
,,,2023,16.2
,,Females,2014,7.4
,,,2015,3.4
,,,2016,11.3
,,,2017,9
,,,2018,14.9
,,,2019,11.1
,,,2020,14.6
,,,2021,15.4
,,,2022,14.8
,,,2023,12.1
,70 to 74 years,Males,2014,20.1
,,,2015,31.3
,,,2016,29.1
,,,2017,40.6
,,,2018,30.1
,,,2019,29.8
,,,2020,43
,,,2021,41
,,,2022,49.8
,,,2023,23.3
,,Females,2014,28.4
,,,2015,30
,,,2016,19.8
,,,2017,18.4
,,,2018,27.2
,,,2019,20.7
,,,2020,19
,,,2021,19.2
,,,2022,30.2
,,,2023,18.2
,75 to 79 years,Males,2014,52.6
,,,2015,50.5
,,,2016,59.6
,,,2017,61.3
,,,2018,39
,,,2019,59.6
,,,2020,41.5
,,,2021,51.4
,,,2022,39.4
,,,2023,54.3
,,Females,2014,43.5
,,,2015,46.3
,,,2016,69.1
,,,2017,40.5
,,,2018,41
,,,2019,44.8
,,,2020,20.9
,,,2021,42.5
,,,2022,26.4
,,,2023,30.7
,80 to 84 years,Males,2014,58.4
,,,2015,110.3
,,,2016,93.3
,,,2017,76.9
,,,2018,68.6
,,,2019,52.6
,,,2020,76.9
,,,2021,93.8
,,,2022,87.5
,,,2023,83.3
,,Females,2014,138.7
,,,2015,79.5
,,,2016,122.3
,,,2017,95.6
,,,2018,108.3
,,,2019,54.7
,,,2020,93.5
,,,2021,94.6
,,,2022,35.6
,,,2023,53
,85 to 89 years,Males,2014,52.6
,,,2015,59.7
,,,2016,234.4
,,,2017,212.1
,,,2018,218.8
,,,2019,101.4
,,,2020,210.5
,,,2021,137.9
,,,2022,178.9
,,,2023,121.5
,,Females,2014,90.9
,,,2015,109.6
,,,2016,123.5
,,,2017,164.6
,,,2018,173.9
,,,2019,93.8
,,,2020,186.4
,,,2021,200
,,,2022,226.2
,,,2023,83.3
,90 years and over,Males,2014,171.4
,,,2015,272.7
,,,2016,310.3
,,,2017,307.7
,,,2018,322.6
,,,2019,206.9
,,,2020,30.3
,,,2021,320
,,,2022,245.3
,,,2023,145.8
,,Females,2014,240
,,,2015,183.7
,,,2016,212.8
,,,2017,333.3
,,,2018,145.5
,,,2019,280.7
,,,2020,62.5
,,,2021,224.5
,,,2022,137.9
,,,2023,111.1
Nunavut,0 years,Males,2014,22.6
,,,2015,11
,,,2016,21.8
,,,2017,15.3
,,,2018,31.9
,,,2019,18.1
,,,2020,20.1
,,,2021,19.9
,,,2022,13.3
,,,2023,20.5
,,Females,2014,10.9
,,,2015,13.8
,,,2016,15.6
,,,2017,9.7
,,,2018,21.8
,,,2019,16.6
,,,2020,8.9
,,,2021,12.1
,,,2022,20.8
,,,2023,18.9
,1 to 4 years,Males,2014,0.6
,,,2015,0.6
,,,2016,0.6
,,,2017,0
,,,2018,1.1
,,,2019,1.1
,,,2020,0.6
,,,2021,0
,,,2022,2.7
,,,2023,1.7
,,Females,2014,0.6
,,,2015,0
,,,2016,0.6
,,,2017,0.6
,,,2018,1.8
,,,2019,0.6
,,,2020,0
,,,2021,0
,,,2022,0.6
,,,2023,1.8
,5 to 9 years,Males,2014,0
,,,2015,0.5
,,,2016,0
,,,2017,0
,,,2018,0
,,,2019,0
,,,2020,0.9
,,,2021,0
,,,2022,0.4
,,,2023,0.4
,,Females,2014,0
,,,2015,0.5
,,,2016,0.5
,,,2017,0
,,,2018,0
,,,2019,0
,,,2020,0
,,,2021,0.5
,,,2022,0.5
,,,2023,0.5
,10 to 14 years,Males,2014,1.2
,,,2015,1.2
,,,2016,0
,,,2017,0.6
,,,2018,1.6
,,,2019,1
,,,2020,0
,,,2021,0.5
,,,2022,1
,,,2023,0
,,Females,2014,0.6
,,,2015,1.2
,,,2016,0
,,,2017,0
,,,2018,0.6
,,,2019,1.6
,,,2020,0.5
,,,2021,0.5
,,,2022,1
,,,2023,0.5
,15 to 19 years,Males,2014,4.9
,,,2015,5.5
,,,2016,3.7
,,,2017,3.1
,,,2018,3.7
,,,2019,7.4
,,,2020,4.9
,,,2021,6.6
,,,2022,1.8
,,,2023,5.3
,,Females,2014,3.3
,,,2015,0.6
,,,2016,1.9
,,,2017,1.3
,,,2018,1.9
,,,2019,1.2
,,,2020,0
,,,2021,2.3
,,,2022,0
,,,2023,1.1
,20 to 24 years,Males,2014,1.8
,,,2015,3.7
,,,2016,5.7
,,,2017,7
,,,2018,7.7
,,,2019,3.2
,,,2020,2.5
,,,2021,6.9
,,,2022,4.2
,,,2023,4.2
,,Females,2014,1.3
,,,2015,0.6
,,,2016,2
,,,2017,0.7
,,,2018,2.6
,,,2019,1.3
,,,2020,3.3
,,,2021,2
,,,2022,1.9
,,,2023,1.9
,25 to 29 years,Males,2014,5
,,,2015,3.1
,,,2016,4.7
,,,2017,2.9
,,,2018,4.1
,,,2019,7.4
,,,2020,7.4
,,,2021,3.8
,,,2022,2.4
,,,2023,4.3
,,Females,2014,1.9
,,,2015,1.9
,,,2016,3.7
,,,2017,1.8
,,,2018,0.6
,,,2019,1.9
,,,2020,1.9
,,,2021,0.6
,,,2022,4.3
,,,2023,2.4
,30 to 34 years,Males,2014,3.6
,,,2015,2.1
,,,2016,1.4
,,,2017,3.4
,,,2018,7.9
,,,2019,3.8
,,,2020,5.7
,,,2021,3.7
,,,2022,2.9
,,,2023,4.7
,,Females,2014,2.7
,,,2015,0.7
,,,2016,2
,,,2017,0
,,,2018,3.3
,,,2019,3.9
,,,2020,3.9
,,,2021,1.3
,,,2022,1.8
,,,2023,3.1
,35 to 39 years,Males,2014,3.3
,,,2015,3.3
,,,2016,2.4
,,,2017,3
,,,2018,2.2
,,,2019,2.2
,,,2020,2.8
,,,2021,7.8
,,,2022,4.3
,,,2023,4.8
,,Females,2014,1.7
,,,2015,1.6
,,,2016,1.6
,,,2017,1.6
,,,2018,1.6
,,,2019,2.3
,,,2020,2.3
,,,2021,4.4
,,,2022,3.8
,,,2023,3.7
,40 to 44 years,Males,2014,6.1
,,,2015,1.8
,,,2016,4.5
,,,2017,3.6
,,,2018,5.3
,,,2019,3.5
,,,2020,4.2
,,,2021,5.6
,,,2022,3.3
,,,2023,4.8
,,Females,2014,5
,,,2015,2
,,,2016,1
,,,2017,1
,,,2018,3
,,,2019,0
,,,2020,4.4
,,,2021,2.5
,,,2022,2.7
,,,2023,2.6
,45 to 49 years,Males,2014,9
,,,2015,7.2
,,,2016,6.2
,,,2017,3.5
,,,2018,4.4
,,,2019,7.9
,,,2020,5.4
,,,2021,1.8
,,,2022,7.3
,,,2023,8.2
,,Females,2014,2.9
,,,2015,1.9
,,,2016,3.7
,,,2017,4.5
,,,2018,1.8
,,,2019,2.8
,,,2020,7.7
,,,2021,2
,,,2022,1.9
,,,2023,3
,50 to 54 years,Males,2014,9.2
,,,2015,5
,,,2016,2.9
,,,2017,3.6
,,,2018,6
,,,2019,7.6
,,,2020,7.4
,,,2021,6.3
,,,2022,6.5
,,,2023,10.3
,,Females,2014,2.4
,,,2015,5.8
,,,2016,7.5
,,,2017,1
,,,2018,5.9
,,,2019,6.8
,,,2020,5.6
,,,2021,7.2
,,,2022,5.9
,,,2023,5.1
,55 to 59 years,Males,2014,10.9
,,,2015,3.9
,,,2016,2.5
,,,2017,15.2
,,,2018,12.8
,,,2019,10.6
,,,2020,16.8
,,,2021,5.3
,,,2022,11
,,,2023,12.8
,,Females,2014,8.1
,,,2015,3
,,,2016,2.9
,,,2017,6.8
,,,2018,3.8
,,,2019,5.9
,,,2020,9.1
,,,2021,5.4
,,,2022,7.9
,,,2023,8.4
,60 to 64 years,Males,2014,15.9
,,,2015,9.2
,,,2016,5.5
,,,2017,12.5
,,,2018,13.5
,,,2019,23.3
,,,2020,19.9
,,,2021,15.8
,,,2022,18.4
,,,2023,14.4
,,Females,2014,6.8
,,,2015,11.7
,,,2016,24.4
,,,2017,6.7
,,,2018,15
,,,2019,22.4
,,,2020,9.2
,,,2021,11.8
,,,2022,12.6
,,,2023,31
,65 to 69 years,Males,2014,36.8
,,,2015,42.7
,,,2016,40.3
,,,2017,18.9
,,,2018,24.3
,,,2019,17.9
,,,2020,13.6
,,,2021,13.4
,,,2022,26.2
,,,2023,21.1
,,Females,2014,17.9
,,,2015,30.3
,,,2016,22.4
,,,2017,26.2
,,,2018,23
,,,2019,30
,,,2020,10.9
,,,2021,14.7
,,,2022,24.1
,,,2023,24.9
,70 to 74 years,Males,2014,29.8
,,,2015,37.8
,,,2016,54.3
,,,2017,60.6
,,,2018,13.3
,,,2019,33.3
,,,2020,48.4
,,,2021,43.2
,,,2022,35.5
,,,2023,47.1
,,Females,2014,24.8
,,,2015,45.5
,,,2016,55.6
,,,2017,48.1
,,,2018,55.8
,,,2019,34.1
,,,2020,26.7
,,,2021,33.5
,,,2022,11.7
,,,2023,32.1
,75 to 79 years,Males,2014,26.3
,,,2015,63.1
,,,2016,57.7
,,,2017,74.8
,,,2018,37
,,,2019,52.6
,,,2020,97.6
,,,2021,53
,,,2022,64.7
,,,2023,45.8
,,Females,2014,79.5
,,,2015,85.1
,,,2016,72.9
,,,2017,79.2
,,,2018,61.9
,,,2019,107.1
,,,2020,33.9
,,,2021,81.3
,,,2022,66.7
,,,2023,87
,80 to 84 years,Males,2014,190.5
,,,2015,90.9
,,,2016,100
,,,2017,111.1
,,,2018,116.7
,,,2019,126.8
,,,2020,123.1
,,,2021,117.6
,,,2022,163.6
,,,2023,186.4
,,Females,2014,46.5
,,,2015,106.4
,,,2016,100
,,,2017,163.3
,,,2018,177.8
,,,2019,187.5
,,,2020,80
,,,2021,71.4
,,,2022,101.4
,,,2023,128.6
,85 to 89 years,Males,2014,0
,,,2015,62.5
,,,2016,52.6
,,,2017,208.3
,,,2018,0
,,,2019,87
,,,2020,40
,,,2021,133.3
,,,2022,166.7
,,,2023,45.5
,,Females,2014,187.5
,,,2015,227.3
,,,2016,333.3
,,,2017,200
,,,2018,136.4
,,,2019,200
,,,2020,45.5
,,,2021,153.8
,,,2022,142.9
,,,2023,48.8
,90 years and over,Males,2014,0
,,,2015,142.9
,,,2016,125
,,,2017,125
,,,2018,181.8
,,,2019,153.8
,,,2020,76.9
,,,2021,66.7
,,,2022,375
,,,2023,111.1
,,Females,2014,285.7
,,,2015,0
,,,2016,333.3
,,,2017,285.7
,,,2018,125
,,,2019,0
,,,2020,272.7
,,,2021,300
,,,2022,142.9
,,,2023,166.7
